time , step-size , {05340cf2-0421-4676-aca2-9b0c4f77146a}.controller.servoLeftVal , {05340cf2-0421-4676-aca2-9b0c4f77146a}.controller.servoRightVal , {09870916-25e8-4dd6-9f73-e77f5cad4edb}.sensor2.lf_1_sensor_reading , {94874951-8049-4bed-a719-067e97f77eb4}.body.robot_theta , {94874951-8049-4bed-a719-067e97f77eb4}.body.robot_x , {94874951-8049-4bed-a719-067e97f77eb4}.body.robot_y , {94874951-8049-4bed-a719-067e97f77eb4}.body.robot_z , {9737bfcb-3243-4f09-ac5c-9ac4872e3d94}.sensor1.lf_1_sensor_reading
0.0 , 0.0 , 0.0 , 0.0 , 1.0000000000000002 , 0.0 , 0.0 , 0.0 , 0.0 , 1.0000000000000002
0.005 , 0.005 , 0.4 , -0.4 , 143.00000000000003 , 0.0 , 0.138 , -0.08 , 0.0 , 143.00000000000003
0.01 , 0.005 , 0.4 , -0.4 , 143.00000000000003 , 0.0 , 0.138 , -0.07993492171395784 , 0.0 , 143.00000000000003
0.015 , 0.005 , 0.4 , -0.4 , 205.00000000000006 , 0.0 , 0.138 , -0.07982439961249295 , 0.0 , 205.00000000000006
0.02 , 0.005 , 0.4 , -0.4 , 205.00000000000006 , 0.0 , 0.138 , -0.07968932508453484 , 0.0 , 205.00000000000006
0.025 , 0.005 , 0.4 , -0.4 , 234.00000000000006 , 0.0 , 0.138 , -0.07953234044479737 , 0.0 , 234.00000000000006
0.030000000000000002 , 0.005 , 0.4 , -0.4 , 246.00000000000006 , 0.0 , 0.138 , -0.07935568212840079 , 0.0 , 1.0000000000000002
0.035 , 0.005 , 0.4 , -0.4 , 246.00000000000006 , 0.0 , 0.138 , -0.07916143805111484 , 0.0 , 1.0000000000000002
0.04 , 0.005 , 0.5 , -0.1 , 246.00000000000006 , 0.0 , 0.138 , -0.07895145110599333 , 0.0 , 1.0000000000000002
0.045 , 0.005 , 0.5 , -0.1 , 251.00000000000006 , -0.0010439831821207005 , 0.13801930953985087 , -0.07874364233113688 , 0.0 , 1.0000000000000002
0.049999999999999996 , 0.005 , 0.5 , -0.1 , 251.00000000000006 , -0.0030785658536517406 , 0.13805727499585874 , -0.07853463950799107 , 0.0 , 1.0000000000000002
0.05499999999999999 , 0.005 , 0.5 , -0.1 , 253.00000000000006 , -0.005462559804042646 , 0.13810217952728712 , -0.07832058813526797 , 0.0 , 1.0000000000000002
0.05999999999999999 , 0.005 , 0.5 , -0.1 , 253.00000000000006 , -0.008090181388115535 , 0.13815215025213204 , -0.07810205330309673 , 0.0 , 1.0000000000000002
0.06499999999999999 , 0.005 , 0.5 , -0.1 , 255.00000000000006 , -0.010907361500817326 , 0.13820625502573702 , -0.07787954713329498 , 0.0 , 1.0000000000000002
0.06999999999999999 , 0.005 , 0.5 , -0.1 , 255.00000000000006 , -0.013873494848818136 , 0.13826379903698488 , -0.07765352574303215 , 0.0 , 1.0000000000000002
0.075 , 0.005 , 0.5 , -0.1 , 254.00000000000006 , -0.016956772955422666 , 0.1383242403193233 , -0.07742439525545387 , 0.0 , 1.0000000000000002
0.08 , 0.005 , 0.5 , -0.1 , 254.00000000000006 , -0.020132187478458474 , 0.13838715433796608 , -0.07719251736717793 , 0.0 , 1.0000000000000002
0.085 , 0.005 , 0.5 , -0.1 , 254.00000000000006 , -0.023380070223152718 , 0.13845220831113664 , -0.07695821438161707 , 0.0 , 1.0000000000000002
0.09000000000000001 , 0.005 , 0.5 , -0.1 , 254.00000000000006 , -0.026684952262053575 , 0.13851914125397682 , -0.07672177369795376 , 0.0 , 1.0000000000000002
0.09500000000000001 , 0.005 , 0.5 , -0.1 , 254.00000000000006 , -0.030034667207654017 , 0.13858774837221685 , -0.07648345178549329 , 0.0 , 1.0000000000000002
0.10000000000000002 , 0.005 , 0.5 , -0.1 , 254.00000000000006 , -0.0334196460319777 , 0.1386578688495672 , -0.07624347768926103 , 0.0 , 1.0000000000000002
0.10500000000000002 , 0.005 , 0.5 , -0.1 , 254.00000000000006 , -0.03683236248605521 , 0.13872937628963533 , -0.07600205611739543 , 0.0 , 1.0000000000000002
0.11000000000000003 , 0.005 , 0.5 , -0.1 , 254.00000000000006 , -0.04026689694913248 , 0.13880217123509878 , -0.07575937015983251 , 0.0 , 0.0
0.11500000000000003 , 0.005 , 0.5 , -0.1 , 254.00000000000006 , -0.04371859341259281 , 0.1388761753127438 , -0.07551558368400886 , 0.0 , 0.0
0.12000000000000004 , 0.005 , 0.5 , -0.1 , 254.00000000000006 , -0.04718378970759721 , 0.13895132665123525 , -0.07527084344848892 , 0.0 , 0.0
0.12500000000000003 , 0.005 , 0.5 , -0.1 , 254.00000000000006 , -0.050659605334500826 , 0.1390275762952598 , -0.07502528097043772 , 0.0 , 0.0
0.13000000000000003 , 0.005 , 0.5 , -0.1 , 255.00000000000006 , -0.05414377459323917 , 0.13910488539970856 , -0.07477901417815051 , 0.0 , 1.0000000000000002
0.13500000000000004 , 0.005 , 0.5 , -0.1 , 255.00000000000006 , -0.057634515341143215 , 0.13918322303451997 , -0.07453214887561364 , 0.0 , 1.0000000000000002
0.14000000000000004 , 0.005 , 0.5 , -0.1 , 254.00000000000006 , -0.06113042577065706 , 0.1392625644675474 , -0.0742847800423571 , 0.0 , 1.0000000000000002
0.14500000000000005 , 0.005 , 0.5 , -0.1 , 254.00000000000006 , -0.06463040322408777 , 0.13934288982157975 , -0.07403699298865987 , 0.0 , 1.0000000000000002
0.15000000000000005 , 0.005 , 0.5 , -0.1 , 254.00000000000006 , -0.06813358034016416 , 0.13942418302416715 , -0.0737888643834354 , 0.0 , 1.0000000000000002
0.15500000000000005 , 0.005 , 0.5 , -0.1 , 254.00000000000006 , -0.07163927483193863 , 0.13950643098654456 , -0.07354046316979768 , 0.0 , 1.0000000000000002
0.16000000000000006 , 0.005 , 0.5 , -0.1 , 255.00000000000006 , -0.07514694998572445 , 0.13958962296176425 , -0.07329185138133547 , 0.0 , 1.0000000000000002
0.16500000000000006 , 0.005 , 0.5 , -0.1 , 255.00000000000006 , -0.07865618359217814 , 0.1396737500429745 , -0.07304308487044066 , 0.0 , 1.0000000000000002
0.17000000000000007 , 0.005 , 0.5 , -0.1 , 254.00000000000006 , -0.08216664350936215 , 0.1397588047712625 , -0.07279421395860693 , 0.0 , 1.0000000000000002
0.17500000000000007 , 0.005 , 0.5 , -0.1 , 254.00000000000006 , -0.08567806844196865 , 0.13984478082912463 , -0.07254528401739052 , 0.0 , 1.0000000000000002
0.18000000000000008 , 0.005 , 0.5 , -0.1 , 254.00000000000006 , -0.08919025282316156 , 0.13993167280083327 , -0.07229633598767436 , 0.0 , 1.0000000000000002
0.18500000000000008 , 0.005 , 0.5 , -0.1 , 254.00000000000006 , -0.09270303492324407 , 0.14001947598504694 , -0.07204740684397229 , 0.0 , 1.0000000000000002
0.19000000000000009 , 0.005 , 0.5 , -0.1 , 254.00000000000006 , -0.09621628749632609 , 0.14010818624820456 , -0.07179853000972546 , 0.0 , 1.0000000000000002
0.1950000000000001 , 0.005 , 0.5 , -0.1 , 254.00000000000006 , -0.09972991042322195 , 0.14019779990974618 , -0.07154973572886202 , 0.0 , 1.0000000000000002
0.2000000000000001 , 0.005 , 0.5 , -0.1 , 255.00000000000006 , -0.10324382492447583 , 0.1402883136521607 , -0.07130105139829783 , 0.0 , 1.0000000000000002
0.2050000000000001 , 0.005 , 0.5 , -0.1 , 255.00000000000006 , -0.1067579690083554 , 0.140379724450394 , -0.0710525018655342 , 0.0 , 1.0000000000000002
0.2100000000000001 , 0.005 , 0.5 , -0.1 , 254.00000000000006 , -0.11027229389023126 , 0.1404720295163497 , -0.07080410969505174 , 0.0 , 1.0000000000000002
0.2150000000000001 , 0.005 , 0.5 , -0.1 , 254.00000000000006 , -0.11378676117599475 , 0.14056522625515425 , -0.07055589540679619 , 0.0 , 1.0000000000000002
0.2200000000000001 , 0.005 , 0.5 , -0.1 , 254.00000000000006 , -0.11730134064645667 , 0.1406593122305896 , -0.07030787768969642 , 0.0 , 3.000000000000001
0.22500000000000012 , 0.005 , 0.5 , -0.1 , 254.00000000000006 , -0.12081600851445465 , 0.14075428513767152 , -0.07006007359283888 , 0.0 , 3.000000000000001
0.23000000000000012 , 0.005 , 0.5 , -0.1 , 254.00000000000006 , -0.12433074605378323 , 0.14085014278079797 , -0.06981249869664279 , 0.0 , 7.000000000000002
0.23500000000000013 , 0.005 , 0.5 , -0.1 , 254.00000000000006 , -0.12784553852060557 , 0.1409468830562425 , -0.06956516726613121 , 0.0 , 7.000000000000002
0.24000000000000013 , 0.005 , 0.5 , -0.1 , 255.00000000000006 , -0.1313603743049225 , 0.14104450393803927 , -0.06931809238817307 , 0.0 , 12.000000000000004
0.24500000000000013 , 0.005 , 0.5 , -0.1 , 255.00000000000006 , -0.13487524426301412 , 0.14114300346651903 , -0.06907128609437131 , 0.0 , 12.000000000000004
0.2500000000000001 , 0.005 , 0.5 , -0.1 , 254.00000000000006 , -0.13839014119223375 , 0.14124237973892131 , -0.06882475947109835 , 0.0 , 16.000000000000004
0.2550000000000001 , 0.005 , 0.5 , -0.1 , 254.00000000000006 , -0.1419050594177847 , 0.14134263090163604 , -0.0685785227580219 , 0.0 , 16.000000000000004
0.2600000000000001 , 0.005 , 0.5 , -0.1 , 254.00000000000006 , -0.1454206974560316 , 0.14144377545578352 , -0.06833253627940085 , 0.0 , 20.000000000000004
0.2650000000000001 , 0.005 , 0.5 , -0.1 , 254.00000000000006 , -0.14893564580725577 , 0.14154577117762054 , -0.0680869072132357 , 0.0 , 20.000000000000004
0.27000000000000013 , 0.005 , 0.5 , -0.1 , 254.00000000000006 , -0.15245060467742558 , 0.14164863646361353 , -0.06784159453460877 , 0.0 , 27.000000000000007
0.27500000000000013 , 0.005 , 0.5 , -0.1 , 254.00000000000006 , -0.155965571874166 , 0.14175236960116444 , -0.06759660589085133 , 0.0 , 27.000000000000007
0.28000000000000014 , 0.005 , 0.5 , -0.1 , 254.00000000000006 , -0.1594805456675358 , 0.14185696890274038 , -0.06735194844052655 , 0.0 , 35.00000000000001
0.28500000000000014 , 0.005 , 0.5 , -0.1 , 254.00000000000006 , -0.1629955246919051 , 0.1419624327028086 , -0.06710762890417638 , 0.0 , 35.00000000000001
0.29000000000000015 , 0.005 , 0.5 , -0.1 , 254.00000000000006 , -0.16651050786869762 , 0.1420687593551184 , -0.06686365360975205 , 0.0 , 43.00000000000001
0.29500000000000015 , 0.005 , 0.5 , -0.1 , 254.00000000000006 , -0.1700254943455885 , 0.14217594723027163 , -0.06662002853328214 , 0.0 , 43.00000000000001
0.30000000000000016 , 0.005 , 0.5 , -0.1 , 254.00000000000006 , -0.17354048344862652 , 0.14228399471353492 , -0.06637675933527813 , 0.0 , 52.000000000000014
0.30500000000000016 , 0.005 , 0.5 , -0.1 , 254.00000000000006 , -0.17705547464452576 , 0.14239290020285786 , -0.06613385139332101 , 0.0 , 52.000000000000014
0.31000000000000016 , 0.005 , 0.5 , -0.1 , 255.00000000000006 , -0.18057046751097827 , 0.14250266210706866 , -0.06589130983123014 , 0.0 , 60.000000000000014
0.31500000000000017 , 0.005 , 0.5 , -0.1 , 255.00000000000006 , -0.1840854617132616 , 0.1426132788442237 , -0.06564913954517038 , 0.0 , 60.000000000000014
0.3200000000000002 , 0.005 , 0.5 , -0.1 , 255.00000000000006 , -0.18760045698581174 , 0.14272474884009337 , -0.06540734522701899 , 0.0 , 72.00000000000001
0.3250000000000002 , 0.005 , 0.5 , -0.1 , 255.00000000000006 , -0.1911154531177009 , 0.14283707052676897 , -0.0651659313852786 , 0.0 , 72.00000000000001
0.3300000000000002 , 0.005 , 0.5 , -0.1 , 254.00000000000006 , -0.19463044994119041 , 0.14295024234137843 , -0.06492490236379284 , 0.0 , 85.00000000000001
0.3350000000000002 , 0.005 , 0.5 , -0.1 , 254.00000000000006 , -0.19814544732270084 , 0.14306426272490058 , -0.06468426235849534 , 0.0 , 85.00000000000001
0.3400000000000002 , 0.005 , 0.5 , -0.1 , 254.00000000000006 , -0.20166044515569487 , 0.14317913012106961 , -0.06444401543239771 , 0.0 , 99.00000000000003
0.3450000000000002 , 0.005 , 0.5 , -0.1 , 254.00000000000006 , -0.20517544335505833 , 0.14329484297536177 , -0.06420416552900095 , 0.0 , 99.00000000000003
0.3500000000000002 , 0.005 , 0.5 , -0.1 , 254.00000000000006 , -0.20869044185266805 , 0.14341139973405836 , -0.06396471648429561 , 0.0 , 113.00000000000003
0.3550000000000002 , 0.005 , 0.5 , -0.1 , 254.00000000000006 , -0.21220544059388374 , 0.1435287988433791 , -0.06372567203749868 , 0.0 , 113.00000000000003
0.3600000000000002 , 0.005 , 0.5 , -0.1 , 254.00000000000006 , -0.2157204395347841 , 0.14364703874868065 , -0.06348703584065941 , 0.0 , 126.00000000000003
0.3650000000000002 , 0.005 , 0.5 , -0.1 , 254.00000000000006 , -0.2192354386399762 , 0.14376611789371557 , -0.06324881146725267 , 0.0 , 126.00000000000003
0.3700000000000002 , 0.005 , 0.5 , -0.1 , 254.00000000000006 , -0.22275043788086554 , 0.14388603471994837 , -0.06301100241986612 , 0.0 , 136.00000000000003
0.3750000000000002 , 0.005 , 0.5 , -0.1 , 254.00000000000006 , -0.2262654372342815 , 0.14400678766592317 , -0.06277361213707673 , 0.0 , 136.00000000000003
0.3800000000000002 , 0.005 , 0.5 , -0.1 , 255.00000000000006 , -0.2297804366813927 , 0.144128375166681 , -0.0625366439996004 , 0.0 , 147.00000000000003
0.38500000000000023 , 0.005 , 0.5 , -0.1 , 255.00000000000006 , -0.2332954362068436 , 0.14425079565322238 , -0.062300101335792224 , 0.0 , 147.00000000000003
0.39000000000000024 , 0.005 , 0.5 , -0.1 , 254.00000000000006 , -0.2368104357980705 , 0.1443740475520123 , -0.062063987426565104 , 0.0 , 160.00000000000003
0.39500000000000024 , 0.005 , 0.5 , -0.1 , 254.00000000000006 , -0.2403254354447549 , 0.14449812928452502 , -0.061828305509787615 , 0.0 , 160.00000000000003
0.40000000000000024 , 0.005 , 0.5 , -0.1 , 254.00000000000006 , -0.24384043513839102 , 0.14462303926682518 , -0.061593058784215476 , 0.0 , 171.00000000000003
0.40500000000000025 , 0.005 , 0.5 , -0.1 , 254.00000000000006 , -0.2473554348719398 , 0.14474877590918367 , -0.06135825041300755 , 0.0 , 171.00000000000003
0.41000000000000025 , 0.005 , 0.5 , -0.1 , 254.00000000000006 , -0.2508704346395524 , 0.14487533761572477 , -0.061123883526866166 , 0.0 , 180.00000000000003
0.41500000000000026 , 0.005 , 0.5 , -0.1 , 254.00000000000006 , -0.2543854344363475 , 0.14500272278410337 , -0.060889961226845424 , 0.0 , 180.00000000000003
0.42000000000000026 , 0.005 , 0.5 , -0.1 , 254.00000000000006 , -0.2579004342582367 , 0.14513092980520892 , -0.06065648658685971 , 0.0 , 189.00000000000003
0.42500000000000027 , 0.005 , 0.5 , -0.1 , 254.00000000000006 , -0.26141543410177887 , 0.14525995706289554 , -0.06042346265592498 , 0.0 , 189.00000000000003
0.43000000000000027 , 0.005 , 0.5 , -0.1 , 254.00000000000006 , -0.2649304339640668 , 0.14538980293373505 , -0.060190892460160156 , 0.0 , 197.00000000000006
0.4350000000000003 , 0.005 , 0.5 , -0.1 , 254.00000000000006 , -0.26844543384263464 , 0.145520465786792 , -0.059958779004574844 , 0.0 , 197.00000000000006
0.4400000000000003 , 0.005 , 0.5 , -0.1 , 254.00000000000006 , -0.27196043373538237 , 0.1456519439834192 , -0.0597271252746651 , 0.0 , 206.00000000000006
0.4450000000000003 , 0.005 , 0.5 , -0.1 , 254.00000000000006 , -0.2754754336405124 , 0.14578423587707123 , -0.05949593423783743 , 0.0 , 206.00000000000006
0.4500000000000003 , 0.005 , 0.5 , -0.1 , 255.00000000000006 , -0.2789904335564841 , 0.14591733981313568 , -0.05926520884467938 , 0.0 , 213.00000000000006
0.4550000000000003 , 0.005 , 0.5 , -0.1 , 255.00000000000006 , -0.28250543348196855 , 0.14605125412878017 , -0.059034952030093034 , 0.0 , 213.00000000000006
0.4600000000000003 , 0.005 , 0.5 , -0.1 , 254.00000000000006 , -0.2860204334158188 , 0.1461859771528139 , -0.05880516671430505 , 0.0 , 219.00000000000006
0.4650000000000003 , 0.005 , 0.5 , -0.1 , 254.00000000000006 , -0.2895354333570383 , 0.14632150720556267 , -0.05857585580376735 , 0.0 , 219.00000000000006
0.4700000000000003 , 0.005 , 0.5 , -0.1 , 254.00000000000006 , -0.2930504333047623 , 0.1464578425987566 , -0.05834702219195879 , 0.0 , 226.00000000000006
0.4750000000000003 , 0.005 , 0.5 , -0.1 , 254.00000000000006 , -0.29656543325823626 , 0.14659498163542914 , -0.058118668760098795 , 0.0 , 226.00000000000006
0.4800000000000003 , 0.005 , 0.5 , -0.1 , 254.00000000000006 , -0.3000804332167971 , 0.14673292260982648 , -0.05789079837778295 , 0.0 , 231.00000000000006
0.4850000000000003 , 0.005 , 0.5 , -0.1 , 254.00000000000006 , -0.3035954331798682 , 0.1468716638073271 , -0.057663413903547345 , 0.0 , 231.00000000000006
0.4900000000000003 , 0.005 , 0.5 , -0.1 , 254.00000000000006 , -0.30711043314694275 , 0.14701120350436925 , -0.05743651818537 , 0.0 , 237.00000000000006
0.49500000000000033 , 0.005 , 0.5 , -0.1 , 254.00000000000006 , -0.3106254331175699 , 0.1471515399683882 , -0.05721011406111597 , 0.0 , 237.00000000000006
0.5000000000000003 , 0.005 , 0.5 , -0.1 , 254.00000000000006 , -0.31414043309135803 , 0.1472926714577594 , -0.05698420435893209 , 0.0 , 242.00000000000006
0.5050000000000003 , 0.005 , 0.5 , -0.1 , 254.00000000000006 , -0.317655433067953 , 0.14743459622174943 , -0.05675879189759639 , 0.0 , 242.00000000000006
0.5100000000000003 , 0.005 , 0.5 , -0.1 , 254.00000000000006 , -0.32117043304705756 , 0.14757731250047307 , -0.05653387948682727 , 0.0 , 246.00000000000006
0.5150000000000003 , 0.005 , 0.5 , -0.1 , 254.00000000000006 , -0.32468543302838576 , 0.14772081852485622 , -0.05630946992755616 , 0.0 , 246.00000000000006
0.5200000000000004 , 0.005 , 0.5 , -0.1 , 254.00000000000006 , -0.328200433011704 , 0.14786511251660392 , -0.05608556601216849 , 0.0 , 250.00000000000006
0.5250000000000004 , 0.005 , 0.5 , -0.1 , 254.00000000000006 , -0.33171543299679435 , 0.14801019268817361 , -0.05586217052471515 , 0.0 , 250.00000000000006
0.5300000000000004 , 0.005 , 0.5 , -0.1 , 254.00000000000006 , -0.33523043298347016 , 0.14815605724275252 , -0.05563928624109851 , 0.0 , 251.00000000000006
0.5350000000000004 , 0.005 , 0.5 , -0.1 , 254.00000000000006 , -0.3387454329715512 , 0.14830270437423926 , -0.05541691592923499 , 0.0 , 251.00000000000006
0.5400000000000004 , 0.005 , 0.5 , -0.1 , 255.00000000000006 , -0.34226043296090125 , 0.14845013226722933 , -0.05519506234919723 , 0.0 , 253.00000000000006
0.5450000000000004 , 0.005 , 0.5 , -0.1 , 255.00000000000006 , -0.3457754329513701 , 0.14859833909700382 , -0.054973728253337906 , 0.0 , 253.00000000000006
0.5500000000000004 , 0.005 , 0.5 , -0.1 , 255.00000000000006 , -0.3492904329428498 , 0.14874732302952126 , -0.054752916386396296 , 0.0 , 254.00000000000006
0.5550000000000004 , 0.005 , 0.5 , -0.1 , 255.00000000000006 , -0.35280543293522515 , 0.14889708222141268 , -0.054532629485590914 , 0.0 , 254.00000000000006
0.5600000000000004 , 0.005 , 0.5 , -0.1 , 255.00000000000006 , -0.3563204329284069 , 0.14904761481997894 , -0.054312870280698325 , 0.0 , 255.00000000000006
0.5650000000000004 , 0.005 , 0.5 , -0.1 , 255.00000000000006 , -0.35983543292229686 , 0.1491989189631905 , -0.054093641494120444 , 0.0 , 255.00000000000006
0.5700000000000004 , 0.005 , 0.5 , -0.1 , 254.00000000000006 , -0.363350432916834 , 0.14935099277968963 , -0.053874945840941324 , 0.0 , 254.00000000000006
0.5750000000000004 , 0.005 , 0.5 , -0.1 , 254.00000000000006 , -0.36686543291194484 , 0.14950383438879453 , -0.05365678602897404 , 0.0 , 254.00000000000006
0.5800000000000004 , 0.005 , 0.5 , -0.1 , 254.00000000000006 , -0.37038043290758454 , 0.14965744190050526 , -0.05343916475879992 , 0.0 , 254.00000000000006
0.5850000000000004 , 0.005 , 0.5 , -0.1 , 254.00000000000006 , -0.3738954329036772 , 0.14981181341551136 , -0.05322208472379933 , 0.0 , 254.00000000000006
0.5900000000000004 , 0.005 , 0.5 , -0.1 , 255.00000000000006 , -0.3774104329001733 , 0.14996694702520116 , -0.05300554861017662 , 0.0 , 255.00000000000006
0.5950000000000004 , 0.005 , 0.5 , -0.1 , 255.00000000000006 , -0.3809254328970188 , 0.1501228408116722 , -0.052789559096978356 , 0.0 , 255.00000000000006
0.6000000000000004 , 0.005 , 0.5 , -0.1 , 254.00000000000006 , -0.38444043289422447 , 0.15027949284774358 , -0.05257411885610645 , 0.0 , 254.00000000000006
0.6050000000000004 , 0.005 , 0.5 , -0.1 , 254.00000000000006 , -0.3879554328917139 , 0.15043690119696873 , -0.05235923055232696 , 0.0 , 254.00000000000006
0.6100000000000004 , 0.005 , 0.5 , -0.1 , 254.00000000000006 , -0.39147043288945155 , 0.1505950639136497 , -0.05214489684327346 , 0.0 , 254.00000000000006
0.6150000000000004 , 0.005 , 0.5 , -0.1 , 254.00000000000006 , -0.39498543288746263 , 0.15075397904285281 , -0.05193112037944765 , 0.0 , 254.00000000000006
0.6200000000000004 , 0.005 , 0.5 , -0.1 , 254.00000000000006 , -0.398500432885683 , 0.1509136446204243 , -0.05171790380421604 , 0.0 , 254.00000000000006
0.6250000000000004 , 0.005 , 0.5 , -0.1 , 254.00000000000006 , -0.4020154328840515 , 0.15107405867300772 , -0.051505249753804175 , 0.0 , 254.00000000000006
0.6300000000000004 , 0.005 , 0.5 , -0.1 , 254.00000000000006 , -0.4055304328826177 , 0.1512352192180616 , -0.05129316085728726 , 0.0 , 254.00000000000006
0.6350000000000005 , 0.005 , 0.5 , -0.1 , 254.00000000000006 , -0.4090454328813324 , 0.15139712426387827 , -0.051081639736579074 , 0.0 , 254.00000000000006
0.6400000000000005 , 0.005 , 0.5 , -0.1 , 254.00000000000006 , -0.41256043288017613 , 0.15155977180960287 , -0.05087068900641854 , 0.0 , 254.00000000000006
0.6450000000000005 , 0.005 , 0.5 , -0.1 , 254.00000000000006 , -0.41607543287911936 , 0.151723159845253 , -0.05066031127435376 , 0.0 , 254.00000000000006
0.6500000000000005 , 0.005 , 0.5 , -0.1 , 255.00000000000006 , -0.41959043287824066 , 0.1518872863517398 , -0.050450509140726046 , 0.0 , 255.00000000000006
0.6550000000000005 , 0.005 , 0.5 , -0.1 , 255.00000000000006 , -0.42310543287736196 , 0.15205214930088803 , -0.05024128519865005 , 0.0 , 255.00000000000006
0.6600000000000005 , 0.005 , 0.5 , -0.1 , 255.00000000000006 , -0.42662043287661716 , 0.15221774665545829 , -0.05003264203399499 , 0.0 , 255.00000000000006
0.6650000000000005 , 0.005 , 0.5 , -0.1 , 255.00000000000006 , -0.430135432876016 , 0.15238407636916843 , -0.049824582225362984 , 0.0 , 255.00000000000006
0.6700000000000005 , 0.005 , 0.5 , -0.1 , 254.00000000000006 , -0.4336504328754149 , 0.1525511363867159 , -0.04961710834406654 , 0.0 , 254.00000000000006
0.6750000000000005 , 0.005 , 0.5 , -0.1 , 254.00000000000006 , -0.43716543287481374 , 0.15271892464380057 , -0.04941022295410612 , 0.0 , 254.00000000000006
0.6800000000000005 , 0.005 , 0.5 , -0.1 , 254.00000000000006 , -0.44068043287427766 , 0.15288743906714788 , -0.04920392861214584 , 0.0 , 254.00000000000006
0.6850000000000005 , 0.005 , 0.5 , -0.1 , 254.00000000000006 , -0.4441954328739541 , 0.15305667757453206 , -0.04899822786748877 , 0.0 , 254.00000000000006
0.6900000000000005 , 0.005 , 0.5 , -0.1 , 254.00000000000006 , -0.4477104328736305 , 0.15322663807480003 , -0.048793123262051735 , 0.0 , 254.00000000000006
0.6950000000000005 , 0.005 , 0.5 , -0.1 , 254.00000000000006 , -0.4512254328733069 , 0.15339731846789523 , -0.0485886173303395 , 0.0 , 254.00000000000006
0.7000000000000005 , 0.005 , 0.5 , -0.1 , 254.00000000000006 , -0.4547404328729833 , 0.1535687166448821 , -0.048384712599418206 , 0.0 , 254.00000000000006
0.7050000000000005 , 0.005 , 0.5 , -0.1 , 254.00000000000006 , -0.45825543287265974 , 0.15374083048797035 , -0.048181411588888605 , 0.0 , 254.00000000000006
0.7100000000000005 , 0.005 , 0.5 , -0.1 , 255.00000000000006 , -0.46177043287233616 , 0.15391365787054054 , -0.04797871681085941 , 0.0 , 255.00000000000006
0.7150000000000005 , 0.005 , 0.5 , -0.1 , 255.00000000000006 , -0.46528543287201257 , 0.15408719665716816 , -0.04777663076991882 , 0.0 , 255.00000000000006
0.7200000000000005 , 0.005 , 0.5 , -0.1 , 254.00000000000006 , -0.468800432871689 , 0.15426144470364958 , -0.04757515596310768 , 0.0 , 254.00000000000006
0.7250000000000005 , 0.005 , 0.5 , -0.1 , 254.00000000000006 , -0.47231472987163153 , 0.15443636479544415 , -0.047374334990582086 , 0.0 , 254.00000000000006
0.7300000000000005 , 0.005 , 0.5 , -0.1 , 254.00000000000006 , -0.4758297298715855 , 0.1546120247532608 , -0.047174089989331716 , 0.0 , 254.00000000000006
0.7350000000000005 , 0.005 , 0.5 , -0.1 , 254.00000000000006 , -0.4793447298715395 , 0.15478838748633578 , -0.04697446366727096 , 0.0 , 254.00000000000006
0.7400000000000005 , 0.005 , 0.5 , -0.1 , 255.00000000000006 , -0.48285972987149345 , 0.1549654508156067 , -0.04677545849096861 , 0.0 , 255.00000000000006
0.7450000000000006 , 0.005 , 0.5 , -0.1 , 255.00000000000006 , -0.4863747298714474 , 0.15514321255336178 , -0.04657707691930442 , 0.0 , 255.00000000000006
0.7500000000000006 , 0.005 , 0.5 , -0.1 , 255.00000000000006 , -0.4898897298714014 , 0.15532167050326579 , -0.04637932140343972 , 0.0 , 255.00000000000006
0.7550000000000006 , 0.005 , 0.5 , -0.1 , 255.00000000000006 , -0.49340472987135536 , 0.15550082246038632 , -0.04618219438678769 , 0.0 , 255.00000000000006
0.7600000000000006 , 0.005 , 0.5 , -0.1 , 254.00000000000006 , -0.49691972987130933 , 0.15568066621122123 , -0.04598569830498629 , 0.0 , 254.00000000000006
0.7650000000000006 , 0.005 , 0.5 , -0.1 , 254.00000000000006 , -0.5004347298712633 , 0.155861199533725 , -0.04578983558586813 , 0.0 , 254.00000000000006
0.7700000000000006 , 0.005 , 0.5 , -0.1 , 254.00000000000006 , -0.5039497298712172 , 0.15604242019733622 , -0.04559460864943198 , 0.0 , 254.00000000000006
0.7750000000000006 , 0.005 , 0.5 , -0.1 , 254.00000000000006 , -0.5074647298711712 , 0.15622432596300437 , -0.04540001990781335 , 0.0 , 254.00000000000006
0.7800000000000006 , 0.005 , 0.5 , -0.1 , 254.00000000000006 , -0.5109797298711252 , 0.1564069145832173 , -0.04520607176525573 , 0.0 , 254.00000000000006
0.7850000000000006 , 0.005 , 0.5 , -0.1 , 254.00000000000006 , -0.5144947298710791 , 0.15659018380202905 , -0.045012766618082255 , 0.0 , 254.00000000000006
0.7900000000000006 , 0.005 , 0.5 , -0.1 , 254.00000000000006 , -0.5180097298710331 , 0.15677413135508694 , -0.0448201068546649 , 0.0 , 254.00000000000006
0.7950000000000006 , 0.005 , 0.5 , -0.1 , 254.00000000000006 , -0.5215247298709871 , 0.1569587549696598 , -0.04462809485539847 , 0.0 , 254.00000000000006
0.8000000000000006 , 0.005 , 0.5 , -0.1 , 255.00000000000006 , -0.525039729870941 , 0.15714405236466505 , -0.04443673299266889 , 0.0 , 255.00000000000006
0.8050000000000006 , 0.005 , 0.5 , -0.1 , 255.00000000000006 , -0.528554729870895 , 0.15733002125069784 , -0.044246023630825984 , 0.0 , 255.00000000000006
0.8100000000000006 , 0.005 , 0.5 , -0.1 , 254.00000000000006 , -0.532069729870849 , 0.1575166593300581 , -0.04405596912615381 , 0.0 , 254.00000000000006
0.8150000000000006 , 0.005 , 0.5 , -0.1 , 254.00000000000006 , -0.535584729870803 , 0.15770396429677933 , -0.04386657182684294 , 0.0 , 254.00000000000006
0.8200000000000006 , 0.005 , 0.5 , -0.1 , 254.00000000000006 , -0.5390997298707569 , 0.15789193383665678 , -0.0436778340729611 , 0.0 , 254.00000000000006
0.8250000000000006 , 0.005 , 0.5 , -0.1 , 254.00000000000006 , -0.5426147298707109 , 0.15808056562727602 , -0.0434897581964244 , 0.0 , 254.00000000000006
0.8300000000000006 , 0.005 , 0.5 , -0.1 , 254.00000000000006 , -0.5461297298706649 , 0.1582698573380413 , -0.043302346520969426 , 0.0 , 254.00000000000006
0.8350000000000006 , 0.005 , 0.5 , -0.1 , 254.00000000000006 , -0.5496447298706189 , 0.15845980663020465 , -0.043115601362124105 , 0.0 , 254.00000000000006
0.8400000000000006 , 0.005 , 0.5 , -0.1 , 255.00000000000006 , -0.5531597298705728 , 0.15865041115689443 , -0.042929525027179505 , 0.0 , 255.00000000000006
0.8450000000000006 , 0.005 , 0.5 , -0.1 , 255.00000000000006 , -0.5566747298705268 , 0.15884166856314377 , -0.04274411981516188 , 0.0 , 255.00000000000006
0.8500000000000006 , 0.005 , 0.5 , -0.1 , 254.00000000000006 , -0.5601897298704808 , 0.15903357648592042 , -0.04255938801680357 , 0.0 , 254.00000000000006
0.8550000000000006 , 0.005 , 0.5 , -0.1 , 254.00000000000006 , -0.5637047298704347 , 0.15922613255415552 , -0.04237533191451677 , 0.0 , 254.00000000000006
0.8600000000000007 , 0.005 , 0.5 , -0.1 , 254.00000000000006 , -0.5672197298703887 , 0.15941933438877265 , -0.0421919537823632 , 0.0 , 254.00000000000006
0.8650000000000007 , 0.005 , 0.5 , -0.1 , 254.00000000000006 , -0.5707347298703427 , 0.15961317960271734 , -0.04200925588602706 , 0.0 , 254.00000000000006
0.8700000000000007 , 0.005 , 0.5 , -0.1 , 255.00000000000006 , -0.5742497298702967 , 0.15980766580098646 , -0.041827240482787346 , 0.0 , 255.00000000000006
0.8750000000000007 , 0.005 , 0.5 , -0.1 , 255.00000000000006 , -0.5777647298702506 , 0.16000279058065814 , -0.041645909821489774 , 0.0 , 255.00000000000006
0.8800000000000007 , 0.005 , 0.5 , -0.1 , 254.00000000000006 , -0.5812797298702046 , 0.16019855153092066 , -0.04146526614251922 , 0.0 , 254.00000000000006
0.8850000000000007 , 0.005 , 0.5 , -0.1 , 254.00000000000006 , -0.5847947298701586 , 0.160394946233103 , -0.041285311677772385 , 0.0 , 254.00000000000006
0.8900000000000007 , 0.005 , 0.5 , -0.1 , 254.00000000000006 , -0.5883097298701125 , 0.16059197226070376 , -0.04110604865063004 , 0.0 , 254.00000000000006
0.8950000000000007 , 0.005 , 0.5 , -0.1 , 254.00000000000006 , -0.5918247298700665 , 0.1607896271794223 , -0.04092747927592906 , 0.0 , 254.00000000000006
0.9000000000000007 , 0.005 , 0.5 , -0.1 , 254.00000000000006 , -0.5953397298700205 , 0.16098790854718795 , -0.040749605759935914 , 0.0 , 254.00000000000006
0.9050000000000007 , 0.005 , 0.5 , -0.1 , 254.00000000000006 , -0.5988547298699745 , 0.16118681391418993 , -0.04057243030031941 , 0.0 , 254.00000000000006
0.9100000000000007 , 0.005 , 0.5 , -0.1 , 254.00000000000006 , -0.6023697298699284 , 0.16138634082290865 , -0.04039595508612262 , 0.0 , 254.00000000000006
0.9150000000000007 , 0.005 , 0.5 , -0.1 , 254.00000000000006 , -0.6058847298698824 , 0.16158648680814508 , -0.040220182297737245 , 0.0 , 254.00000000000006
0.9200000000000007 , 0.005 , 0.5 , -0.1 , 255.00000000000006 , -0.6093997298698364 , 0.16178724939705144 , -0.04004511410687598 , 0.0 , 255.00000000000006
0.9250000000000007 , 0.005 , 0.5 , -0.1 , 255.00000000000006 , -0.6129147298697903 , 0.1619886261091622 , -0.0398707526765458 , 0.0 , 255.00000000000006
0.9300000000000007 , 0.005 , 0.5 , -0.1 , 254.00000000000006 , -0.6164297298697443 , 0.16219061445642385 , -0.03969710016102132 , 0.0 , 254.00000000000006
0.9350000000000007 , 0.005 , 0.5 , -0.1 , 254.00000000000006 , -0.6199447298696983 , 0.16239321194322653 , -0.03952415870581747 , 0.0 , 254.00000000000006
0.9400000000000007 , 0.005 , 0.5 , -0.1 , 254.00000000000006 , -0.6234597298696523 , 0.16259641606643438 , -0.039351930447664746 , 0.0 , 254.00000000000006
0.9450000000000007 , 0.005 , 0.5 , -0.1 , 254.00000000000006 , -0.6269747298696062 , 0.16280022431541635 , -0.03918041751448102 , 0.0 , 254.00000000000006
0.9500000000000007 , 0.005 , 0.5 , -0.1 , 255.00000000000006 , -0.6304897298695602 , 0.16300463417207742 , -0.03900962202534625 , 0.0 , 255.00000000000006
0.9550000000000007 , 0.005 , 0.5 , -0.1 , 255.00000000000006 , -0.6340047298695142 , 0.16320964311088962 , -0.038839546090476046 , 0.0 , 255.00000000000006
0.9600000000000007 , 0.005 , 0.5 , -0.1 , 254.00000000000006 , -0.6375197298694681 , 0.16341524859892337 , -0.03867019181119594 , 0.0 , 254.00000000000006
0.9650000000000007 , 0.005 , 0.5 , -0.1 , 254.00000000000006 , -0.6410347298694221 , 0.16362144809587886 , -0.038501561279914484 , 0.0 , 254.00000000000006
0.9700000000000008 , 0.005 , 0.5 , -0.1 , 254.00000000000006 , -0.6445497298693761 , 0.1638282390541169 , -0.03833365658009889 , 0.0 , 254.00000000000006
0.9750000000000008 , 0.005 , 0.5 , -0.1 , 254.00000000000006 , -0.6480647298693301 , 0.1640356189186909 , -0.038166479786247896 , 0.0 , 254.00000000000006
0.9800000000000008 , 0.005 , 0.5 , -0.1 , 254.00000000000006 , -0.651579729869284 , 0.1642435851273778 , -0.038000032963867024 , 0.0 , 254.00000000000006
0.9850000000000008 , 0.005 , 0.5 , -0.1 , 254.00000000000006 , -0.655094729869238 , 0.16445213511071113 , -0.03783431816944239 , 0.0 , 254.00000000000006
0.9900000000000008 , 0.005 , 0.5 , -0.1 , 254.00000000000006 , -0.658609729869192 , 0.1646612662920109 , -0.03766933745041636 , 0.0 , 254.00000000000006
0.9950000000000008 , 0.005 , 0.5 , -0.1 , 254.00000000000006 , -0.662124729869146 , 0.16487097608741674 , -0.03750509284516114 , 0.0 , 254.00000000000006