{"fmus":{"{controllerFMU}":"file:///C:/Users/ken/Documents/Repositories/intocps-pilots/case-study_line_follower_robot/FMUs/LFRControllerModal.fmu","{sensorFMU}":"file:///C:/Users/ken/Documents/Repositories/intocps-pilots/case-study_line_follower_robot/FMUs/Sensor_Block.fmu","{bodyFMU}":"file:///C:/Users/ken/Documents/Repositories/intocps-pilots/case-study_line_follower_robot/FMUs/Body.fmu","{3DFMU}":"file:///C:/Users/ken/Documents/Repositories/intocps-pilots/case-study_line_follower_robot/FMUs/3DanimationFMU.fmu"},"connections":{"{bodyFMU}.body.robot_x":["{sensorFMU}.sensor1.robot_x","{sensorFMU}.sensor2.robot_x","{3DFMU}.3D.animation.robot.position.x"],"{bodyFMU}.body.robot_y":["{sensorFMU}.sensor1.robot_y","{sensorFMU}.sensor2.robot_y","{3DFMU}.3D.animation.robot.position.y"],"{bodyFMU}.body.robot_z":["{sensorFMU}.sensor1.robot_z","{sensorFMU}.sensor2.robot_z"],"{bodyFMU}.body.robot_theta":["{sensorFMU}.sensor1.robot_theta","{sensorFMU}.sensor2.robot_theta","{3DFMU}.3D.animation.robot.angle.z"],"{bodyFMU}.body.total_energy_used":["{controllerFMU}.controller.total_energy_used"],"{sensorFMU}.sensor1.lf_1_sensor_reading":["{controllerFMU}.controller.lfLeftVal","{3DFMU}.3D.animation.sensor.lf.left.reading"],"{sensorFMU}.sensor2.lf_1_sensor_reading":["{controllerFMU}.controller.lfRightVal","{3DFMU}.3D.animation.sensor.lf.right.reading"],"{controllerFMU}.controller.servoRightVal":["{bodyFMU}.body.servo_right_input"],"{controllerFMU}.controller.servoLeftVal":["{bodyFMU}.body.servo_left_input"]},"parameters":{"{bodyFMU}.body.battery_initial_energy":0.128,"{bodyFMU}.body.initial_position[0]":0.138,"{bodyFMU}.body.initial_position[1]":0.1,"{bodyFMU}.body.initial_position[2]":0,"{sensorFMU}.sensor1.lf_position_x":0.01,"{sensorFMU}.sensor1.lf_position_y":0.065,"{sensorFMU}.sensor2.lf_position_x":-0.01,"{sensorFMU}.sensor2.lf_position_y":0.065,"{controllerFMU}.controller.forwardSpeed":0.4,"{controllerFMU}.controller.forwardRotate":0.5,"{controllerFMU}.controller.backwardRotate":0.1},"livestream":{"{sensorFMU}.sensor2":["lf_1_sensor_reading"],"{sensorFMU}.sensor1":["lf_1_sensor_reading"]},"loggingOn":true,"algorithm":{"type":"fixed-step","size":0.01},"multimodel_crc":null}