time,step-size,{bodyFMU}.body.robot_theta,{bodyFMU}.body.robot_x,{bodyFMU}.body.robot_y,{bodyFMU}.body.robot_z,{bodyFMU}.body.total_energy_used,{controllerFMU}.controller.servoLeftVal,{controllerFMU}.controller.servoRightVal,{sensor1FMU}.sensor1.lf_1_sensor_reading,{sensor1FMU}.sensor2.lf_1_sensor_reading
0.0,0.0,0.0,0.0,0.0,0.0,0.0,0.0,0.0,1.0000000000000002,1.0000000000000002
0.1,0.1,0.0,0.138,-0.08,0.0,0.7999999999997272,0.4,-0.4,255.00000000000006,254.00000000000006
0.2,0.1,0.0,0.138,-0.0781205777356358,0.0,1.6946383867139048,0.4,-0.4,255.00000000000006,254.00000000000006
0.30000000000000004,0.1,0.0,0.138,-0.07516805482427268,0.0,2.6991798977865074,0.4,-0.4,254.00000000000006,254.00000000000006
0.4,0.1,0.0,0.138,-0.07143901247151024,0.0,3.8202777092169526,0.4,-0.4,255.00000000000006,254.00000000000006
0.5,0.1,0.0,0.138,-0.06708661330582183,0.0,5.0541972137516495,0.4,-0.4,254.00000000000006,254.00000000000006
0.6,0.1,0.0,0.138,-0.0622338097774027,0.0,6.391093639064366,0.4,-0.4,254.00000000000006,254.00000000000006
0.7,0.1,0.0,0.138,-0.0569793028889697,0.0,7.818651815523026,0.4,-0.4,254.00000000000006,254.00000000000006
0.7999999999999999,0.1,0.0,0.138,-0.051402325611657806,0.0,9.32414233693953,0.4,-0.4,254.00000000000006,254.00000000000006
0.8999999999999999,0.1,0.0,0.138,-0.04556648280805284,0.0,10.895514291330073,0.4,-0.4,255.00000000000006,254.00000000000006
0.9999999999999999,0.1,0.0,0.138,-0.03952283375924206,0.0,12.521912957831773,0.4,-0.4,255.00000000000006,254.00000000000006
1.0999999999999999,0.1,0.0,0.138,-0.03324953682293243,0.0,14.210784759599846,0.4,-0.4,254.00000000000006,254.00000000000006
1.2,0.1,0.0,0.138,-0.026903959223477297,0.0,15.920529579478625,0.4,-0.4,254.00000000000006,255.00000000000006
1.3,0.1,0.0,0.138,-0.020451116739398208,0.0,17.660852957120824,0.4,-0.4,254.00000000000006,255.00000000000006
1.4000000000000001,0.1,0.0,0.138,-0.013912166563671835,0.0,19.426090918924274,0.4,-0.4,254.00000000000006,254.00000000000006
1.5000000000000002,0.1,0.0,0.138,-0.007304092791842104,0.0,21.211566021167073,0.4,-0.4,255.00000000000006,255.00000000000006
1.6000000000000003,0.1,0.0,0.138,-6.405295341505718E-4,0.0,23.013439219688735,0.4,-0.4,254.00000000000006,254.00000000000006
1.7000000000000004,0.1,0.0,0.138,0.006067578325019821,0.0,24.82857443856892,0.4,-0.4,255.00000000000006,254.00000000000006
1.8000000000000005,0.1,0.0,0.138,0.012811444697539115,0.0,26.654419206717648,0.4,-0.4,254.00000000000006,255.00000000000006
1.9000000000000006,0.1,0.0,0.138,0.019584016485181016,0.0,28.488901978221293,0.4,-0.4,254.00000000000006,254.00000000000006
2.0000000000000004,0.1,0.0,0.138,0.026379631760378525,0.0,30.330345284890882,0.4,-0.4,254.00000000000006,255.00000000000006
2.1000000000000005,0.1,0.0,0.138,0.03319374536825852,0.0,32.177393170117284,0.4,-0.4,254.00000000000006,255.00000000000006
2.2000000000000006,0.1,0.0,0.138,0.040022708651614225,0.0,34.02895110008785,0.4,-0.4,254.00000000000006,254.00000000000006
2.3000000000000007,0.1,0.0,0.138,0.04686359262347296,0.0,35.884136544055764,0.4,-0.4,254.00000000000006,254.00000000000006
2.400000000000001,0.1,0.0,0.138,0.05371404601754719,0.0,37.74223853994772,0.4,-0.4,254.00000000000006,254.00000000000006
2.500000000000001,0.1,0.0,0.138,0.0605721813371672,0.0,39.60268474405666,0.4,-0.4,254.00000000000006,255.00000000000006
2.600000000000001,0.1,0.0,0.138,0.06743648338020712,0.0,41.46501466336622,0.4,-0.4,254.00000000000006,254.00000000000006
2.700000000000001,0.1,0.0,0.138,0.07430573580678206,0.0,43.32885796357641,0.4,-0.4,255.00000000000006,255.00000000000006
2.800000000000001,0.1,0.0,0.138,0.08117896219091487,0.0,45.19391692423687,0.4,-0.4,254.00000000000006,254.00000000000006
2.9000000000000012,0.1,0.0,0.138,0.0880553786993203,0.0,47.05995226975347,0.4,-0.4,255.00000000000006,254.00000000000006
3.0000000000000013,0.1,0.0,0.138,0.09493435610394226,0.0,48.92677174053051,0.4,-0.4,254.00000000000006,254.00000000000006
3.1000000000000014,0.1,0.0,0.138,0.10181538928723298,0.0,50.79422088317233,0.4,-0.4,254.00000000000006,255.00000000000006
3.2000000000000015,0.1,0.0,0.138,0.10869807276228811,0.0,52.66217563459031,0.4,-0.4,255.00000000000006,255.00000000000006
3.3000000000000016,0.1,0.0,0.138,0.11558208102145041,0.0,54.53053635421975,0.4,-0.4,254.00000000000006,254.00000000000006
3.4000000000000017,0.1,0.0,0.138,0.12246715276100305,0.0,56.39922302392324,0.4,-0.4,254.00000000000006,244.00000000000006
3.5000000000000018,0.1,0.0,0.138,0.1293530782174256,0.0,58.26817138861361,0.4,-0.4,254.00000000000006,210.00000000000006
3.600000000000002,0.1,0.0,0.138,0.13623968900147648,0.0,60.13732985419301,0.4,-0.4,254.00000000000006,144.00000000000003
3.700000000000002,0.1,0.0,0.138,0.14312684993742741,0.0,62.00665699483852,0.1,-0.5,254.00000000000006,68.00000000000001
3.800000000000002,0.1,0.03875768986391145,0.13741544923042368,0.14953426358557242,0.0,63.729305645349996,0.1,-0.5,254.00000000000006,1.0000000000000002
3.900000000000002,0.1,0.08987494134971227,0.13639193510153513,0.15563082907192255,0.0,65.38515595694889,0.1,-0.5,254.00000000000006,104.00000000000003
4.000000000000002,0.1,0.1481217480382551,0.13496881262621643,0.16145895878277117,0.0,66.99066957415198,0.1,-0.5,255.00000000000006,254.00000000000006
4.100000000000001,0.1,0.21084863905357284,0.1331670655299834,0.16702696680984908,0.0,68.55676911556338,0.1,-0.5,32.00000000000001,254.00000000000006
4.200000000000001,0.1,0.27639062172891654,0.13100710678457803,0.172338037769244,0.0,70.09182374150396,0.5,-0.1,1.0000000000000002,254.00000000000006
4.300000000000001,0.1,0.26617993590409633,0.12959858329795015,0.1777326820403627,0.0,71.5920450274939,0.5,-0.1,0.0,254.00000000000006
4.4,0.1,0.23236379300249566,0.12864050404983288,0.18315847774838517,0.0,73.07469687828097,0.5,-0.1,1.0000000000000002,255.00000000000006
4.5,0.1,0.18498877472590294,0.12808648015711285,0.18859143905428066,0.0,74.54427754520066,0.5,-0.1,1.0000000000000002,254.00000000000006
4.6,0.1,0.12909373020489906,0.12792937259496906,0.1940115752868009,0.0,76.00346665544521,0.5,-0.1,234.00000000000006,254.00000000000006
4.699999999999999,0.1,0.06784502189211913,0.12816208944489962,0.1993968967854503,0.0,77.4542022749306,0.5,-0.1,254.00000000000006,0.0
4.799999999999999,0.1,0.0032322998955574395,0.12877724534262452,0.20472502161134992,0.0,78.89801297930717,0.1,-0.5,254.00000000000006,1.0000000000000002
4.899999999999999,0.1,0.014029505952702505,0.12863452834609734,0.20999981425424163,0.0,80.32610511729081,0.1,-0.5,255.00000000000006,254.00000000000006
4.999999999999998,0.1,0.04779591919201926,0.12806353712790702,0.21518666884189913,0.0,81.73716949290429,0.1,-0.5,254.00000000000006,255.00000000000006
5.099999999999998,0.1,0.0952971204557212,0.1271050316275825,0.22036879636625617,0.0,83.1610825140092,0.1,-0.5,254.00000000000006,254.00000000000006
5.1999999999999975,0.1,0.15127140304264614,0.12577404605579817,0.22546731565680084,0.0,84.58383418099174,0.1,-0.5,255.00000000000006,254.00000000000006
5.299999999999997,0.1,0.21256980444181076,0.12408165462768328,0.23045577186620037,0.0,86.00546165921696,0.1,-0.5,255.00000000000006,254.00000000000006
5.399999999999997,0.1,0.2772136452384105,0.12203938934595444,0.23530875393425427,0.0,87.42599686006906,0.1,-0.5,254.00000000000006,255.00000000000006
5.4999999999999964,0.1,0.3439596067651685,0.11965956436463619,0.2400021060394147,0.0,88.84550863634877,0.1,-0.5,254.00000000000006,255.00000000000006
5.599999999999996,0.1,0.4120264415448578,0.11695546912245976,0.2445128762944615,0.0,90.26409597329484,0.1,-0.5,254.00000000000006,254.00000000000006
5.699999999999996,0.1,0.480923248490943,0.11394148959712004,0.24881924505947023,0.0,91.68187232596756,0.1,-0.5,255.00000000000006,254.00000000000006
5.799999999999995,0.1,0.5503415678230932,0.11063317925212073,0.2529004954832459,0.0,93.09895270444576,0.1,-0.5,254.00000000000006,255.00000000000006
5.899999999999995,0.1,0.6200875779147778,0.1070472895697859,0.25673702956746364,0.0,94.51544548581296,0.1,-0.5,254.00000000000006,243.00000000000006
5.999999999999995,0.1,0.6900394906357051,0.10320176701688046,0.2603104174430624,0.0,95.93144815535834,0.1,-0.5,254.00000000000006,175.00000000000003
6.099999999999994,0.1,0.760120780414316,0.09911572236580332,0.26360346651294186,0.0,97.34704571459724,0.1,-0.5,254.00000000000006,76.00000000000001
6.199999999999994,0.1,0.8302833625545988,0.09480937761674824,0.26660029998603024,0.0,98.76231069811092,0.1,-0.5,254.00000000000006,10.000000000000002
6.299999999999994,0.1,0.9004970232427607,0.0903039950063921,0.2692864375180501,0.0,100.17730405854763,0.1,-0.5,254.00000000000006,1.0000000000000002
6.399999999999993,0.1,0.970742777845479,0.08562179180583404,0.27164887320350073,0.0,101.59207644742946,0.1,-0.5,254.00000000000006,1.0000000000000002
6.499999999999993,0.1,1.0410086975736437,0.08078584389572824,0.27367614793600903,0.0,103.00666961066418,0.1,-0.5,254.00000000000006,1.0000000000000002
6.5999999999999925,0.1,1.11128728715642,0.07581998050802569,0.2753584143213551,0.0,104.42111774310115,0.1,-0.5,254.00000000000006,1.0000000000000002
6.699999999999992,0.1,1.1815738370995563,0.07074867205104321,0.2766874930684281,0.0,105.83544872450238,0.1,-0.5,254.00000000000006,1.0000000000000002
6.799999999999992,0.1,1.2518653883272524,0.06559691257583335,0.2776569202434428,0.0,107.24968520560651,0.1,-0.5,254.00000000000006,1.0000000000000002
6.8999999999999915,0.1,1.3221600816169332,0.060390098176881304,0.27826198505531785,0.0,108.66384553916942,0.1,-0.5,254.00000000000006,1.0000000000000002
6.999999999999991,0.1,1.392456748819283,0.055153902428001625,0.278499758013918,0.0,110.0779445646267,0.1,-0.5,255.00000000000006,0.0
7.099999999999991,0.1,1.4627546560041749,0.04991414981640875,0.27836910941192095,0.0,111.4919942614265,0.1,-0.5,254.00000000000006,1.0000000000000002
7.19999999999999,0.1,1.5330533420690704,0.04469668803927329,0.27787071815272857,0.0,112.906004288232,0.1,-0.5,254.00000000000006,0.0
7.29999999999999,0.1,1.6033525173309826,0.03952725995605502,0.2770070709977033,0.0,114.31998242503323,0.1,-0.5,254.00000000000006,0.0
7.39999999999999,0.1,1.6736519998087842,0.03443137593787046,0.2757824523459294,0.0,115.73393493387357,0.1,-0.5,254.00000000000006,1.0000000000000002
7.499999999999989,0.1,1.7439516751879482,0.02943418731576425,0.27420292469433033,0.0,117.14786685207673,0.1,-0.5,254.00000000000006,1.0000000000000002
7.599999999999989,0.1,1.8142514716658404,0.02456036159845225,0.27227629995841846,0.0,118.56178222994049,0.1,-0.5,255.00000000000006,1.0000000000000002
7.699999999999989,0.1,1.8845513441469741,0.019833960103632975,0.27001210186581853,0.0,119.97568432298203,0.1,-0.5,255.00000000000006,1.0000000000000002
7.799999999999988,0.1,1.9548512643130747,0.015278318623031042,0.267421519666674,0.0,121.38957574717506,0.1,-0.5,254.00000000000006,1.0000000000000002
7.899999999999988,0.1,2.0251512143844272,0.010915931718343208,0.2645173534373099,0.0,122.80345860413263,0.1,-0.5,231.00000000000006,13.000000000000004
7.999999999999988,0.1,2.095451183200464,0.006768341222099683,0.26131395128597557,0.0,124.21733458195786,0.1,-0.5,203.00000000000006,56.000000000000014
8.099999999999987,0.1,2.165751163757548,0.0028560294933874797,0.25782713880188673,0.0,125.6312050364304,0.1,-0.5,147.00000000000003,127.00000000000003
8.199999999999987,0.1,2.23605115166226,-8.016820470755082E-4,0.25407414112082344,0.0,127.04507105631046,0.4,-0.4,71.00000000000001,215.00000000000006
8.299999999999986,0.1,2.267587520061041,-0.004920026978616626,0.2502035925713862,0.0,128.5725531721896,0.5,-0.1,15.000000000000004,254.00000000000006
8.399999999999986,0.1,2.2480061487041723,-0.009260461899069539,0.24692558193460679,0.0,130.03407007117448,0.5,-0.1,127.00000000000003,177.00000000000003
8.499999999999986,0.1,2.2089386535565523,-0.013795007821042038,0.24402653048622747,0.0,131.48536461739695,0.5,-0.1,254.00000000000006,1.0000000000000002
8.599999999999985,0.1,2.158263802262994,-0.01850912716070674,0.24147720654508253,0.0,132.93004541640994,0.1,-0.5,254.00000000000006,1.0000000000000002
8.699999999999985,0.1,2.1778188937913687,-0.022767162458337598,0.23832847653693218,0.0,134.36280518106014,0.1,-0.5,254.00000000000006,254.00000000000006
8.799999999999985,0.1,2.2175070144905877,-0.026748019758066288,0.23484532082847226,0.0,135.79207501111796,0.1,-0.5,254.00000000000006,254.00000000000006
8.899999999999984,0.1,2.2685718170042737,-0.030460753545483166,0.23108369690559077,0.0,137.21917167109268,0.1,-0.5,254.00000000000006,254.00000000000006
8.999999999999984,0.1,2.326785320761268,-0.03388991784987069,0.22706720225651378,0.0,138.64440690099082,0.1,-0.5,255.00000000000006,254.00000000000006
9.099999999999984,0.1,2.389490759013112,-0.03702043270373423,0.22281937398589324,0.0,140.06794964395976,0.1,-0.5,255.00000000000006,254.00000000000006
9.199999999999983,0.1,2.455018726993264,-0.03983843529948139,0.2183636428296496,0.0,141.48995995840278,0.1,-0.5,255.00000000000006,255.00000000000006
9.299999999999983,0.1,2.5223202409534164,-0.04233149049646162,0.21372349468143736,0.0,142.91061151260374,0.1,-0.5,255.00000000000006,254.00000000000006
9.399999999999983,0.1,2.590736165177936,-0.0444886313277755,0.20892263788134796,0.0,144.3300838723885,0.1,-0.5,254.00000000000006,254.00000000000006
9.499999999999982,0.1,2.6598523284331548,-0.04630037795953179,0.20398511734503127,0.0,145.7485510519573,0.1,-0.5,254.00000000000006,254.00000000000006
9.599999999999982,0.1,2.729408484759748,-0.04775876967637349,0.19893536675493168,0.0,147.16617333476006,0.1,-0.5,255.00000000000006,224.00000000000006
9.699999999999982,0.1,2.7992411081045336,-0.04885740952988857,0.19379820695729055,0.0,148.58309304632667,0.1,-0.5,254.00000000000006,11.000000000000002
9.799999999999981,0.1,2.869247446849825,-0.04959151373150131,0.18859880271152074,0.0,149.99943330208453,0.1,-0.5,254.00000000000006,1.0000000000000002
9.89999999999998,0.1,2.9400644911405487,-0.049959760078135435,0.1833101277173707,0.0,151.42945517636554,0.1,-0.5,255.00000000000006,1.0000000000000002
9.99999999999998,0.1,3.0102491023069757,-0.04995342930564298,0.17806273359957475,0.0,152.84492956342365,0.1,-0.5,254.00000000000006,6.000000000000002
10.09999999999998,0.1,3.080476606135991,-0.049578332097260924,0.17283007627892477,0.0,154.2600897009538,0.1,-0.5,235.00000000000006,254.00000000000006
10.19999999999998,0.1,3.1507310600220033,-0.04883653840721347,0.16763778284201553,0.0,155.67499513808116,0.1,-0.5,1.0000000000000002,254.00000000000006
10.29999999999998,0.1,3.221002446691894,-0.047731871843424145,0.16251130644174483,0.0,157.08969458225965,0.5,-0.1,1.0000000000000002,254.00000000000006
10.399999999999979,0.1,3.2137599677451827,-0.04739245789846577,0.15735281084130248,0.0,158.4927577074668,0.5,-0.1,254.00000000000006,254.00000000000006
10.499999999999979,0.1,3.1818084464753658,-0.047488612615691955,0.1521702231457247,0.0,159.89788343172495,0.5,-0.1,255.00000000000006,254.00000000000006
10.599999999999978,0.1,3.1356049674999777,-0.04796927208872184,0.14699260584524304,0.0,161.305581767057,0.5,-0.1,254.00000000000006,255.00000000000006
10.699999999999978,0.1,3.0804461333659026,-0.04882596331207589,0.14185015290086317,0.0,162.71535277263183,0.5,-0.1,254.00000000000006,254.00000000000006
10.799999999999978,0.1,3.0196601577644695,-0.050050736801980994,0.13677283129212786,0.0,164.1265961494414,0.5,-0.1,254.00000000000006,254.00000000000006
10.899999999999977,0.1,2.955338340268129,-0.05163511363706216,0.13178918088722646,0.0,165.5388236894405,0.5,-0.1,254.00000000000006,254.00000000000006
10.999999999999977,0.1,2.888794759304053,-0.05356961754888548,0.1269261765823561,0.0,166.95168639921803,0.5,-0.1,254.00000000000006,255.00000000000006
11.099999999999977,0.1,2.8208551225314467,-0.05584355589213774,0.12220935639456383,0.0,168.3649496023404,0.5,-0.1,254.00000000000006,254.00000000000006
11.199999999999976,0.1,2.7520382674119928,-0.058444912881007255,0.11766295952940382,0.0,169.7784607976405,0.5,-0.1,254.00000000000006,255.00000000000006
11.299999999999976,0.1,2.6826702079977336,-0.06136030257498404,0.1133100097472289,0.0,171.19212299934634,0.5,-0.1,254.00000000000006,254.00000000000006
11.399999999999975,0.1,2.612955796798667,-0.0645749603718209,0.10917234180064243,0.0,172.60587547344903,0.5,-0.1,242.00000000000006,254.00000000000006
11.499999999999975,0.1,2.5430237538739204,-0.06807276282884803,0.10527058496294635,0.0,174.01968067386088,0.5,-0.1,98.00000000000003,255.00000000000006
11.599999999999975,0.1,2.472954961084693,-0.07183626965674422,0.10162411863486402,0.0,175.43351568077196,0.5,-0.1,0.0,254.00000000000006
11.699999999999974,0.1,2.40280024092799,-0.07584678346380991,0.09825101190946746,0.0,176.8473667023568,0.5,-0.1,1.0000000000000002,254.00000000000006
11.799999999999974,0.1,2.3325915279543503,-0.08008442382645609,0.09516795554151473,0.0,178.2612255897834,0.5,-0.1,0.0,255.00000000000006
11.899999999999974,0.1,2.2623488883828977,-0.08452821297863006,0.09239019202925265,0.0,179.6750876489159,0.5,-0.1,22.000000000000004,254.00000000000006
11.999999999999973,0.1,2.1920849309106427,-0.08915617096958317,0.08993144757450135,0.0,181.08895027663948,0.5,-0.1,254.00000000000006,232.00000000000006
12.099999999999973,0.1,2.121807578265855,-0.09394541857013522,0.08780386838428057,0.0,182.502812117109,0.5,-0.1,254.00000000000006,0.0
12.199999999999973,0.1,2.0515218087269194,-0.09887228653159155,0.08601796292827353,0.0,183.91667254368258,0.1,-0.5,254.00000000000006,1.0000000000000002
12.299999999999972,0.1,2.0587552765661097,-0.10342026286497608,0.08356627944581953,0.0,185.3190577215919,0.1,-0.5,254.00000000000006,253.00000000000006
12.399999999999972,0.1,2.0907011394210833,-0.10775777341469162,0.08073255629120808,0.0,186.72363886951052,0.1,-0.5,254.00000000000006,254.00000000000006
12.499999999999972,0.1,2.1369010638552166,-0.11188723814804896,0.07757556035730999,0.0,188.1308999800085,0.1,-0.5,254.00000000000006,254.00000000000006
12.599999999999971,0.1,2.192057664078587,-0.11578749597722093,0.07411854437826366,0.0,189.54032005858517,0.1,-0.5,255.00000000000006,203.00000000000006
12.69999999999997,0.1,2.25284223508622,-0.11943731089584503,0.07038418224987329,0.0,190.9512818017015,0.1,-0.5,255.00000000000006,15.000000000000004
12.79999999999997,0.1,2.31716316897698,-0.12281694875032528,0.06639483212102117,0.0,192.36328332113908,0.1,-0.5,254.00000000000006,1.0000000000000002
12.89999999999997,0.1,2.38370619375347,-0.12590854175854566,0.062172863363784706,0.0,193.77596463702503,0.1,-0.5,254.00000000000006,1.0000000000000002
12.99999999999997,0.1,2.4516454801892444,-0.1286960950178503,0.05774091167643498,0.0,195.18908225614086,0.1,-0.5,254.00000000000006,0.0
13.09999999999997,0.1,2.5204621144496246,-0.13116542483969484,0.053122043334820554,0.0,196.60247660348523,0.1,-0.5,255.00000000000006,51.000000000000014
13.199999999999969,0.1,2.5898300344863108,-0.13330411176688184,0.04833983934115961,0.0,198.01604501804877,0.1,-0.5,240.00000000000006,254.00000000000006
13.299999999999969,0.1,2.659544357615736,-0.13510148150956608,0.04341841656904953,0.0,199.42972221244054,0.1,-0.5,1.0000000000000002,254.00000000000006
13.399999999999968,0.1,2.7294763448024186,-0.13654860734835794,0.038382402099010504,0.0,200.84346698699437,0.5,-0.1,0.0,254.00000000000006
13.499999999999968,0.1,2.722020576097835,-0.13868585820681933,0.0336784315880317,0.0,202.24586891234776,0.5,-0.1,0.0,254.00000000000006
13.599999999999968,0.1,2.6899350294320725,-0.14121849592651697,0.029158347704836246,0.0,203.65047253394232,0.5,-0.1,1.0000000000000002,254.00000000000006
13.699999999999967,0.1,2.6436473340028894,-0.14408772611012366,0.024823843049635808,0.0,205.05775362253098,0.5,-0.1,1.0000000000000002,254.00000000000006
13.799999999999967,0.1,2.588435582448491,-0.14727180605187468,0.020697634957883113,0.0,206.46718859739894,0.5,-0.1,254.00000000000006,1.0000000000000002
13.899999999999967,0.1,2.527616356832172,-0.15074957321759497,0.016802454396011912,0.0,207.8781606504076,0.1,-0.5,255.00000000000006,1.0000000000000002
13.999999999999966,0.1,2.5407981733137883,-0.15359308512838282,0.012486879507629514,0.0,209.28107807985498,0.1,-0.5,255.00000000000006,254.00000000000006
14.099999999999966,0.1,2.576481709468821,-0.15607438774127214,0.007934109421251306,0.0,210.68629595097718,0.1,-0.5,254.00000000000006,255.00000000000006
14.199999999999966,0.1,2.625030218936532,-0.15822090001587097,0.003196212396524234,0.0,212.09410733365212,0.1,-0.5,254.00000000000006,254.00000000000006
14.299999999999965,0.1,2.6816625639897316,-0.16002418134257557,-0.0016964394406495387,0.0,213.50393359578084,0.1,-0.5,254.00000000000006,254.00000000000006
14.399999999999965,0.1,2.743374426495169,-0.16147595186644575,-0.006714165892765647,0.0,214.9151753232236,0.1,-0.5,254.00000000000006,254.00000000000006
14.499999999999964,0.1,2.808278028572988,-0.1625692804784722,-0.011828254010759223,0.0,216.32736327129896,0.1,-0.5,254.00000000000006,254.00000000000006
14.599999999999964,0.1,2.875187175794976,-0.1632989435195717,-0.017010787644930817,0.0,217.74016645736992,0.1,-0.5,255.00000000000006,255.00000000000006
14.699999999999964,0.1,2.943356517094904,-0.16366151236432414,-0.022234428232508756,0.0,219.1533629872938,0.1,-0.5,254.00000000000006,255.00000000000006
14.799999999999963,0.1,3.012317707482541,-0.1636553651473397,-0.02747225741610515,0.0,220.56680821451073,0.1,-0.5,255.00000000000006,255.00000000000006
14.899999999999963,0.1,3.0817764600910174,-0.1632806820771468,-0.032697697253426646,0.0,221.98040941214776,0.1,-0.5,254.00000000000006,254.00000000000006
14.999999999999963,0.1,3.151547858328548,-0.16253943782780916,-0.03788449557501502,0.0,223.39410776819705,0.1,-0.5,254.00000000000006,254.00000000000006
15.099999999999962,0.1,3.221515708952119,-0.1614353911297619,-0.043006758978170655,0.0,224.80786625561996,0.1,-0.5,254.00000000000006,255.00000000000006
15.199999999999962,0.1,3.2916070013718386,-0.15997406908354111,-0.04803901810460679,0.0,226.22166169505044,0.1,-0.5,255.00000000000006,254.00000000000006
15.299999999999962,0.1,3.361775859029361,-0.15816274412400144,-0.05295631352505787,0.0,227.63547964841064,0.1,-0.5,254.00000000000006,255.00000000000006
15.399999999999961,0.1,3.431993455167712,-0.15601040245713965,-0.05773429388495195,0.0,229.04931116780926,0.1,-0.5,254.00000000000006,255.00000000000006
15.499999999999961,0.1,3.50224167635575,-0.1535277035092244,-0.0623493205124632,0.0,230.46315073951882,0.1,-0.5,254.00000000000006,254.00000000000006
15.59999999999996,0.1,3.5725091409327,-0.15072693038404134,-0.0667785744951021,0.0,231.87699498976235,0.1,-0.5,254.00000000000006,254.00000000000006
15.69999999999996,0.1,3.64278869717829,-0.14762193158159476,-0.07100016345903261,0.0,233.2908418728889,0.1,-0.5,254.00000000000006,11.000000000000002
15.79999999999996,0.1,3.713075851275753,-0.1442280543657442,-0.07499322610246878,0.0,234.7046901636768,0.1,-0.5,254.00000000000006,1.0000000000000002
15.89999999999996,0.1,3.783367779514696,-0.1405620702344046,-0.07873803307265019,0.0,236.11853914077847,0.1,-0.5,231.00000000000006,170.00000000000003
15.99999999999996,0.1,3.853662707604005,-0.136642092978353,-0.08221608313016653,0.0,237.53238838996504,0.1,-0.5,1.0000000000000002,254.00000000000006
16.09999999999996,0.1,3.9239595206600955,-0.13248748983252928,-0.08541019378003728,0.0,238.94623768232805,0.5,-0.1,72.00000000000001,254.00000000000006
16.19999999999996,0.1,3.9167329916062017,-0.12889563003370447,-0.08912406526926157,0.0,240.34861049737856,0.5,-0.1,254.00000000000006,255.00000000000006
16.29999999999996,0.1,3.884791488704352,-0.12562005081299993,-0.09313830167990045,0.0,241.75318143736513,0.5,-0.1,254.00000000000006,254.00000000000006
16.399999999999963,0.1,3.838594303851103,-0.12264064597705038,-0.09739762856428248,0.0,243.16043429226102,0.5,-0.1,254.00000000000006,254.00000000000006
16.499999999999964,0.1,3.783439425063629,-0.11997054094240905,-0.10187347527327112,0.0,244.5698477789765,0.5,-0.1,254.00000000000006,254.00000000000006
16.599999999999966,0.1,3.7226559357444917,-0.11762310837158352,-0.10653780024964206,0.0,245.9808042817922,0.5,-0.1,255.00000000000006,254.00000000000006
16.699999999999967,0.1,3.6583356815558967,-0.11561038527850642,-0.11136331790393056,0.0,247.3928016383179,0.5,-0.1,254.00000000000006,255.00000000000006
16.79999999999997,0.1,3.5917930838905825,-0.11394262644631831,-0.11632329737273589,0.0,248.8054796444485,0.5,-0.1,254.00000000000006,254.00000000000006
16.89999999999997,0.1,3.52385406584717,-0.1126282209337347,-0.1213913213275381,0.0,250.21859462856855,0.5,-0.1,254.00000000000006,254.00000000000006
16.99999999999997,0.1,3.4550376002451175,-0.11167370111047237,-0.1265411107269026,0.0,251.63198687514205,0.5,-0.1,188.00000000000003,254.00000000000006
17.099999999999973,0.1,3.385669786196227,-0.11108376197032568,-0.13174643036448871,0.0,253.0455536126824,0.5,-0.1,0.0,254.00000000000006
17.199999999999974,0.1,3.3159555296733574,-0.1108612729179459,-0.13698106292448528,0.0,254.4592294668396,0.5,-0.1,1.0000000000000002,254.00000000000006
17.299999999999976,0.1,3.246023584346222,-0.11100728327020878,-0.14221883415484393,0.0,255.87297316932973,0.5,-0.1,171.00000000000003,255.00000000000006
17.399999999999977,0.1,3.1759548532114006,-0.11152102645476411,-0.14743367369900967,0.0,257.2867588142285,0.5,-0.1,254.00000000000006,0.0
17.49999999999998,0.1,3.1058001720604875,-0.11239992722342912,-0.1525996996490297,0.0,258.7005702138217,0.1,-0.5,254.00000000000006,1.0000000000000002
17.59999999999998,0.1,3.1131160101185693,-0.11251285711251774,-0.157765161006987,0.0,260.10295666853426,0.1,-0.5,254.00000000000006,254.00000000000006
17.69999999999998,0.1,3.145113630721223,-0.1121896913360334,-0.16293622472633676,0.0,261.507542197975,0.1,-0.5,254.00000000000006,254.00000000000006
17.799999999999983,0.1,3.191346077392157,-0.1114827129068128,-0.1680859457964229,0.0,262.91480754784243,0.1,-0.5,254.00000000000006,254.00000000000006
17.899999999999984,0.1,3.2465231131180734,-0.11040168702968103,-0.17318443632214947,0.0,264.3242306084212,0.1,-0.5,254.00000000000006,255.00000000000006
17.999999999999986,0.1,3.307320524867156,-0.10895584279263643,-0.1782020360319745,0.0,265.73519413531403,0.1,-0.5,255.00000000000006,254.00000000000006
18.099999999999987,0.1,3.3716495272935902,-0.107154878331781,-0.18311054802035226,0.0,267.1471965669966,0.1,-0.5,254.00000000000006,254.00000000000006
18.19999999999999,0.1,3.4381976219673476,-0.10500942416414344,-0.18788339265952342,0.0,268.55987823479654,0.1,-0.5,255.00000000000006,254.00000000000006
18.29999999999999,0.1,3.506140094092064,-0.10253126777536684,-0.19249548699225755,0.0,269.97299587613315,0.1,-0.5,255.00000000000006,254.00000000000006
18.39999999999999,0.1,3.5749587300907453,-0.09973346575706885,-0.1969231100926187,0.0,271.38639006937046,0.1,-0.5,254.00000000000006,254.00000000000006
18.499999999999993,0.1,3.6443279079253763,-0.09663039362991177,-0.20114382081952048,0.0,272.7999582488701,0.1,-0.5,254.00000000000006,254.00000000000006
18.599999999999994,0.1,3.7140430213949274,-0.0932377547106854,-0.20513643093459877,0.0,274.21363518328235,0.1,-0.5,254.00000000000006,255.00000000000006
18.699999999999996,0.1,3.783975505192947,-0.08957255890201374,-0.20888101995938657,0.0,275.62737970383205,0.1,-0.5,254.00000000000006,253.00000000000006
18.799999999999997,0.1,3.8540445746820127,-0.08565307823792154,-0.21235897704721146,0.0,277.0411659743445,0.1,-0.5,254.00000000000006,223.00000000000006
18.9,0.1,3.923497611052116,-0.08154142265565503,-0.21552257570239652,0.0,278.4408396476492,0.1,-0.5,254.00000000000006,146.00000000000003
19.0,0.1,3.993706008253335,-0.0771749453364925,-0.21842003826197964,0.0,279.85466698557593,0.1,-0.5,254.00000000000006,29.000000000000007
19.1,0.1,4.063948449237973,-0.07261565358506733,-0.22100363131374529,0.0,281.2685037365536,0.1,-0.5,254.00000000000006,1.0000000000000002
19.200000000000003,0.1,4.134212281790866,-0.06788610013400515,-0.22326058301826868,0.0,282.6823460595683,0.1,-0.5,254.00000000000006,1.0000000000000002
19.300000000000004,0.1,4.20448955583242,-0.06300966804059646,-0.22517974004951513,0.0,284.0961916075785,0.1,-0.5,254.00000000000006,0.0
19.400000000000006,0.1,4.274775275892646,-0.0580104589833394,-0.22675162032662177,0.0,285.51003895984513,0.1,-0.5,255.00000000000006,1.0000000000000002
19.500000000000007,0.1,4.345066303044755,-0.05291317669579673,-0.22796845855219733,0.0,286.92388726729405,0.1,-0.5,254.00000000000006,1.0000000000000002
19.60000000000001,0.1,4.415360664929724,-0.0477430065539588,-0.228824243877094,0.0,288.3377360315467,0.1,-0.5,254.00000000000006,161.00000000000003
19.70000000000001,0.1,4.485657122206928,-0.04252549220919796,-0.229314749238878,0.0,289.7515849677029,0.1,-0.5,131.00000000000003,255.00000000000006
19.80000000000001,0.1,4.555954896131294,-0.037286410074975795,-0.2294375520749048,0.0,291.16543391944015,0.5,-0.1,1.0000000000000002,255.00000000000006
19.900000000000013,0.1,4.548728970823114,-0.03219432606412759,-0.23031216864247456,0.0,292.5678061630624,0.5,-0.1,1.0000000000000002,254.00000000000006
20.000000000000014,0.1,4.516787847284843,-0.02717998993642401,-0.23161597980480486,0.0,293.9723766196621,0.5,-0.1,1.0000000000000002,254.00000000000006
20.100000000000016,0.1,4.47059090080578,-0.02225983258758618,-0.23329250942327506,0.0,295.37962908119925,0.5,-0.1,1.0000000000000002,254.00000000000006
20.200000000000017,0.1,4.415436171802193,-0.01746132258500302,-0.2353264591538795,0.0,296.7890422552209,0.5,-0.1,253.00000000000006,254.00000000000006
20.30000000000002,0.1,4.3546527766011955,-0.012811815464847304,-0.23770310364165276,0.0,298.1999985114876,0.5,-0.1,254.00000000000006,1.0000000000000002
20.40000000000002,0.1,4.290332581552995,-0.008337142505063011,-0.24040753845536472,0.0,299.6119956739035,0.1,-0.5,254.00000000000006,1.0000000000000002
20.50000000000002,0.1,4.30131454684568,-0.0035719878524716753,-0.24240663090323789,0.0,301.0147013959795,0.1,-0.5,254.00000000000006,254.00000000000006
20.600000000000023,0.1,4.335615795960808,0.0013591230359500106,-0.244004544799111,0.0,302.41967964173136,0.1,-0.5,254.00000000000006,254.00000000000006
20.700000000000024,0.1,4.3832957386933895,0.006410732072517772,-0.24523864241689158,0.0,303.8272872632415,0.1,-0.5,254.00000000000006,255.00000000000006
20.800000000000026,0.1,4.439382315613481,0.011551423552484924,-0.2461065277867317,0.0,305.23696431617554,0.1,-0.5,255.00000000000006,254.00000000000006
20.900000000000027,0.1,4.500751242041557,0.016750388351336465,-0.24660567298096914,0.0,306.64810378654056,0.1,-0.5,255.00000000000006,254.00000000000006
21.00000000000003,0.1,4.565439358549236,0.021978016759920893,-0.2467346340315541,0.0,308.06022401192195,0.1,-0.5,254.00000000000006,254.00000000000006
21.10000000000003,0.1,4.632213104350171,0.027205822779899025,-0.2464934724809586,0.0,309.4729831840623,0.1,-0.5,254.00000000000006,254.00000000000006
21.20000000000003,0.1,4.700297365497268,0.032406245690584645,-0.24588389570074215,0.0,310.88615140858064,0.1,-0.5,254.00000000000006,254.00000000000006
21.300000000000033,0.1,4.769205095348788,0.037552491971084456,-0.24490930264230065,0.0,312.29957853544647,0.1,-0.5,255.00000000000006,254.00000000000006
21.400000000000034,0.1,4.838630255763426,0.042618450058805865,-0.2435747961554391,0.0,313.7131681886972,0.1,-0.5,254.00000000000006,254.00000000000006
21.500000000000036,0.1,4.90838054617829,0.04757866982499405,-0.24188717937722848,0.0,315.126859185742,0.1,-0.5,254.00000000000006,254.00000000000006
21.600000000000037,0.1,4.978335133595717,0.05240838972264056,-0.23985494017475384,0.0,316.54061297749377,0.1,-0.5,254.00000000000006,250.00000000000006
21.70000000000004,0.1,5.048418092013069,0.05708359579289306,-0.2374882242372685,0.0,317.95440541391326,0.1,-0.5,254.00000000000006,205.00000000000006
21.80000000000004,0.1,5.118581712957986,0.061581100355452986,-0.2347987970006098,0.0,319.3682214401838,0.1,-0.5,254.00000000000006,83.00000000000001
21.90000000000004,0.1,5.188796018581231,0.0658786317046014,-0.23179999481671326,0.0,320.7820517172504,0.1,-0.5,254.00000000000006,3.000000000000001
22.000000000000043,0.1,5.259042172157133,0.0699549288405984,-0.228506666008303,0.0,322.1958904834087,0.1,-0.5,255.00000000000006,1.0000000000000002
22.100000000000044,0.1,5.329308337539202,0.07378983718444257,-0.22493510256144228,0.0,323.6097342075932,0.1,-0.5,255.00000000000006,1.0000000000000002
22.200000000000045,0.1,5.399587077428806,0.07736440252225407,-0.22110296323260953,0.0,325.0235807442509,0.1,-0.5,254.00000000000006,1.0000000000000002
22.300000000000047,0.1,5.469873718564564,0.08066096128326829,-0.21702918882507405,0.0,326.43742880457603,0.1,-0.5,255.00000000000006,30.000000000000007
22.40000000000005,0.1,5.5401653244811815,0.08366322581611055,-0.21273391035202582,0.0,327.8512776266293,0.1,-0.5,242.00000000000006,254.00000000000006
22.50000000000005,0.1,5.610460050037415,0.08635636369472549,-0.2082383507676872,0.0,329.2651267701799,0.1,-0.5,1.0000000000000002,254.00000000000006
22.60000000000005,0.1,5.680756735830647,0.08872707032811356,-0.20356472091941724,0.0,330.6789759895737,0.5,-0.1,0.0,254.00000000000006
22.700000000000053,0.1,5.673530126809533,0.09171264107050367,-0.19934800838631572,0.0,332.0813487855139,0.5,-0.1,1.0000000000000002,254.00000000000006
22.800000000000054,0.1,5.641588573659758,0.09505188572018014,-0.19538657455892744,0.0,333.48591971342375,0.5,-0.1,0.0,254.00000000000006
22.900000000000055,0.1,5.595391357232946,0.0986867649710601,-0.19167088199082516,0.0,334.8931725593302,0.5,-0.1,1.0000000000000002,255.00000000000006
23.000000000000057,0.1,5.54023645860609,0.10259162825641976,-0.188219113291559,0.0,336.3025860384205,0.5,-0.1,254.00000000000006,1.0000000000000002
23.10000000000006,0.1,5.479452956820808,0.10674139069993857,-0.18504959619882272,0.0,337.71354253452364,0.1,-0.5,254.00000000000006,1.0000000000000002
23.20000000000006,0.1,5.492657220704715,0.11034760787625869,-0.18134759319006458,0.0,339.1164579135034,0.1,-0.5,254.00000000000006,247.00000000000006
23.30000000000006,0.1,5.528354861811821,0.11364285476395639,-0.1773443532015368,0.0,340.52167480242497,0.1,-0.5,254.00000000000006,254.00000000000006
23.400000000000063,0.1,5.576912234197941,0.11664423032474723,-0.17309618406126542,0.0,341.92948549436187,0.1,-0.5,254.00000000000006,254.00000000000006
23.500000000000064,0.1,5.633550148305282,0.11933771535260013,-0.16863132064838326,0.0,343.3393110481147,0.1,-0.5,254.00000000000006,254.00000000000006
23.600000000000065,0.1,5.695265510146753,0.12170958090921014,-0.16397734820966448,0.0,344.7505520252216,0.1,-0.5,254.00000000000006,254.00000000000006
23.700000000000067,0.1,5.760171311042734,0.12374760563375566,-0.15916115660727925,0.0,346.1627392232431,0.1,-0.5,254.00000000000006,254.00000000000006
23.800000000000068,0.1,5.827081839896611,0.12544139543189142,-0.15420917546077953,0.0,347.5755417011369,0.1,-0.5,254.00000000000006,255.00000000000006
23.90000000000007,0.1,5.895252049346243,0.12678242801869,-0.14914760590434584,0.0,348.98873759068647,0.1,-0.5,254.00000000000006,159.00000000000003
24.00000000000007,0.1,5.964213785235392,0.12776403472452774,-0.14400257728704768,0.0,350.4021822566101,0.1,-0.5,254.00000000000006,1.0000000000000002
24.100000000000072,0.1,6.033672880608606,0.12838138084185305,-0.13880022458502606,0.0,351.8157829731713,0.1,-0.5,254.00000000000006,1.0000000000000002
24.200000000000074,0.1,6.103444494220926,0.12863145539173054,-0.1335667012982655,0.0,353.22948092355136,0.1,-0.5,254.00000000000006,1.0000000000000002
24.300000000000075,0.1,6.173412480173771,0.12851306712150423,-0.1283281450519778,0.0,354.6432390729515,0.1,-0.5,254.00000000000006,68.00000000000001
24.400000000000077,0.1,6.243503857626252,0.12802684140615303,-0.12311061050958677,0.0,356.0570342332103,0.1,-0.5,201.00000000000006,254.00000000000006
24.500000000000078,0.1,6.31367276871288,0.12717521381689786,-0.1179399806706507,0.0,357.4708519575288,0.1,-0.5,0.0,254.00000000000006
24.60000000000008,0.1,6.383890398422344,0.12596241762721164,-0.11284186452521919,0.0,358.88468328995214,0.5,-0.1,0.0,254.00000000000006
24.70000000000008,0.1,6.376614114376872,0.125514052740651,-0.10769466826581683,0.0,360.28706623769494,0.5,-0.1,156.00000000000003,255.00000000000006
24.800000000000082,0.1,6.344641347723995,0.12550052054629174,-0.10251356028331834,0.0,361.6916473416254,0.5,-0.1,153.00000000000003,255.00000000000006
24.900000000000084,0.1,6.2984245181513,0.12587138913977916,-0.09732880825858958,0.0,363.09890879276554,0.5,-0.1,9.000000000000002,254.00000000000006
25.000000000000085,0.1,6.24325729550521,0.12661885087726135,-0.09217086919453402,0.0,364.5083289261115,0.5,-0.1,1.0000000000000002,254.00000000000006
25.100000000000087,0.1,6.182466049853565,0.1277356205926894,-0.0870699412732575,0.0,365.9192903961921,0.5,-0.1,0.0,254.00000000000006
25.200000000000088,0.1,6.118140921925608,0.12921385108913436,-0.0820547934239323,0.0,367.3312914263511,0.5,-0.1,84.00000000000001,254.00000000000006
25.30000000000009,0.1,6.051595261812891,0.13104466025804914,-0.07715264107877061,0.0,368.7439721517535,0.5,-0.1,255.00000000000006,101.00000000000003
25.40000000000009,0.1,5.9836543194573695,0.13321791456189488,-0.07238928098195038,0.0,370.1570891615679,0.1,-0.5,254.00000000000006,1.0000000000000002
25.500000000000092,0.1,5.992361170495796,0.13465309856460028,-0.06742560473078234,0.0,371.55959948410145,0.1,-0.5,254.00000000000006,0.0
25.600000000000094,0.1,6.0252328406726985,0.13566914691924933,-0.06234411213805745,0.0,372.9643391992281,0.1,-0.5,255.00000000000006,48.000000000000014
25.700000000000095,0.1,6.07201450058386,0.13630919527695456,-0.05718480434646276,0.0,374.37173975298174,0.1,-0.5,254.00000000000006,0.0
25.800000000000097,0.1,6.12753663712679,0.1365748113729743,-0.05197911390295956,0.0,375.7812639351487,0.1,-0.5,254.00000000000006,1.0000000000000002
25.900000000000098,0.1,6.188550894683097,0.13646720272932727,-0.046758024723385055,0.0,377.19229821688486,0.1,-0.5,254.00000000000006,1.0000000000000002
26.0000000000001,0.1,6.253016153262272,0.13598844783894534,-0.04155121676353695,0.0,378.6043486241033,0.1,-0.5,254.00000000000006,1.0000000000000002
26.1000000000001,0.1,6.319649865184685,0.1351419603802265,-0.03638705849774322,0.0,380.01706236205973,0.1,-0.5,254.00000000000006,254.00000000000006
26.200000000000102,0.1,6.387646135351494,0.13393266613060592,-0.03129278402554248,0.0,381.4302013450533,0.1,-0.5,1.0000000000000002,255.00000000000006
26.300000000000104,0.1,6.4564985756340665,0.13236707289500607,-0.02629464939579399,0.0,382.8436097638446,0.5,-0.1,1.0000000000000002,255.00000000000006
26.400000000000105,0.1,6.448364468776884,0.1315594706736625,-0.02119126214801033,0.0,384.2460746177089,0.5,-0.1,17.000000000000004,255.00000000000006
26.500000000000107,0.1,6.41585268514767,0.1311827400414881,-0.01602325896700156,0.0,385.65075573208287,0.5,-0.1,40.00000000000001,255.00000000000006
26.600000000000108,0.1,6.369297161683607,0.1311889435584118,-0.01082473141535785,0.0,387.05810471204404,0.5,-0.1,1.0000000000000002,254.00000000000006
26.70000000000011,0.1,6.3139171190759145,0.13157254296108023,-0.005626647956532185,0.0,388.4675906147727,0.5,-0.1,1.0000000000000002,254.00000000000006
26.80000000000011,0.1,6.25299214693864,0.13232844896451468,-4.596184484454424E-4,0.0,389.8785984855449,0.5,-0.1,0.0,254.00000000000006
26.900000000000112,0.1,6.188582991291262,0.133450886607284,0.004647143161604875,0.0,391.290631334929,0.5,-0.1,90.00000000000001,254.00000000000006
27.000000000000114,0.1,6.121984531922768,0.13493292732518186,0.009665894123968996,0.0,392.7033336351392,0.5,-0.1,254.00000000000006,135.00000000000003
27.100000000000115,0.1,6.054010412872653,0.13676628782409778,0.014570210733184152,0.0,394.1164652509442,0.1,-0.5,254.00000000000006,1.0000000000000002
27.200000000000117,0.1,6.06269641704708,0.1378492999660347,0.019622440558647883,0.0,395.518977156501,0.1,-0.5,254.00000000000006,0.0
27.300000000000118,0.1,6.095554987979959,0.13850592258956526,0.02476274685807782,0.0,396.92371734890503,0.1,-0.5,254.00000000000006,0.0
27.40000000000012,0.1,6.142328416913842,0.13878200097504295,0.029954265927890272,0.0,398.33111812514835,0.1,-0.5,254.00000000000006,1.0000000000000002
27.50000000000012,0.1,6.197845381484341,0.13868130975161863,0.03516575412994721,0.0,399.74064260123987,0.1,-0.5,254.00000000000006,1.0000000000000002
27.600000000000122,0.1,6.258856389210964,0.13820723134780016,0.04036638852708645,0.0,401.1516772767609,0.1,-0.5,254.00000000000006,1.0000000000000002
27.700000000000124,0.1,6.323319605748666,0.13736392479660373,0.04552670785049033,0.0,402.5637281329782,0.1,-0.5,254.00000000000006,122.00000000000003
27.800000000000125,0.1,6.389952034548954,0.13615678858395838,0.050618652972634195,0.0,403.97644232817856,0.1,-0.5,129.00000000000003,254.00000000000006
27.900000000000126,0.1,6.457947498463752,0.13459264969711857,0.05561540272333386,0.0,405.38958174431264,0.5,-0.1,1.0000000000000002,254.00000000000006
28.000000000000128,0.1,6.44927490647089,0.13378580650784314,0.060719024620492626,0.0,406.79209338545616,0.5,-0.1,1.0000000000000002,254.00000000000006
28.10000000000013,0.1,6.416424763150818,0.13340951765125983,0.06588741414349138,0.0,408.19683285463134,0.5,-0.1,1.0000000000000002,255.00000000000006
28.20000000000013,0.1,6.369656629749112,0.13341599826937434,0.07108625935722611,0.0,409.6042329467691,0.5,-0.1,1.0000000000000002,254.00000000000006
28.300000000000132,0.1,6.314142992651454,0.13379977946659716,0.07628456863038426,0.0,411.0137569478152,0.5,-0.1,1.0000000000000002,255.00000000000006
28.400000000000134,0.1,6.2531340757575515,0.13455580766425096,0.08145174810450266,0.0,412.42479134351106,0.5,-0.1,1.0000000000000002,255.00000000000006
28.500000000000135,0.1,6.188672173003616,0.13567832821934367,0.08655860562721428,0.0,413.8368420605825,0.5,-0.1,246.00000000000006,254.00000000000006
28.600000000000136,0.1,6.122040569724666,0.137160425270025,0.09157741655912265,0.0,415.24955620636274,0.5,-0.1,255.00000000000006,2.0000000000000004
28.700000000000138,0.1,6.054045624529246,0.13899382396033375,0.09648177014574878,0.0,416.6626956253399,0.1,-0.5,254.00000000000006,0.0
28.80000000000014,0.1,6.062718542456784,0.14007685521827473,0.10153399761187219,0.0,418.06520742737484,0.1,-0.5,254.00000000000006,68.00000000000001
28.90000000000014,0.1,6.095568890578759,0.14073348879145708,0.10667429749690625,0.0,419.46994703813107,0.1,-0.5,254.00000000000006,111.00000000000003
29.000000000000142,0.1,6.142337152668558,0.14100957396527591,0.11186581137653061,0.0,420.8773472464404,0.1,-0.5,254.00000000000006,2.0000000000000004
29.100000000000144,0.1,6.1978508706280975,0.14090888712583693,0.11707729619801872,0.0,422.2868713389448,0.1,-0.5,254.00000000000006,1.0000000000000002
29.200000000000145,0.1,6.2588598383321425,0.14043481159722368,0.12227792868471803,0.0,423.6979058055913,0.1,-0.5,254.00000000000006,1.0000000000000002
29.300000000000146,0.1,6.32332177301309,0.1395915069229073,0.12743824709198887,0.0,425.10995657754165,0.1,-0.5,254.00000000000006,1.0000000000000002
29.400000000000148,0.1,6.389953396353729,0.13838437191136038,0.13253019190270915,0.0,426.52267076586213,0.1,-0.5,254.00000000000006,249.00000000000006
29.50000000000015,0.1,6.457948354155175,0.13682023376723818,0.13752694167686935,0.0,427.93581021795626,0.1,-0.5,21.000000000000004,254.00000000000006
29.60000000000015,0.1,6.526799969810974,0.13490742892886734,0.1424027619752583,0.0,429.34921908428623,0.5,-0.1,0.0,254.00000000000006
29.700000000000152,0.1,6.518665344817681,0.1337433489400401,0.1474368187032345,0.0,430.7516845509026,0.5,-0.1,1.0000000000000002,254.00000000000006
29.800000000000153,0.1,6.48615323561825,0.1330045373596284,0.1525655967540378,0.0,432.15636617744667,0.5,-0.1,1.0000000000000002,254.00000000000006
29.900000000000155,0.1,6.439597507581319,0.13264556996835983,0.15775172143672822,0.0,433.56371557277,0.5,-0.1,1.0000000000000002,254.00000000000006
30.000000000000156,0.1,6.38421733642891,0.1326630975145514,0.16296391181370828,0.0,434.97320180615,0.5,-0.1,1.0000000000000002,254.00000000000006
30.100000000000158,0.1,6.32329228351916,0.1330541933892167,0.16817127622452177,0.0,436.38420993846785,0.5,-0.1,129.00000000000003,255.00000000000006
30.20000000000016,0.1,6.258883077117123,0.13381514893656699,0.17334426730203178,0.0,437.79624299451643,0.5,-0.1,254.00000000000006,7.000000000000002
30.30000000000016,0.1,6.192284585855874,0.13494100140501375,0.17845472419945374,0.0,439.20894545822875,0.1,-0.5,254.00000000000006,1.0000000000000002
30.400000000000162,0.1,6.201834972365433,0.13530407526422344,0.1836091430609481,0.0,440.6115316424025,0.1,-0.5,254.00000000000006,212.00000000000006
30.500000000000163,0.1,6.235236682062836,0.13523311043283393,0.1887912941148822,0.0,442.0163636775669,0.1,-0.5,254.00000000000006,255.00000000000006
30.600000000000165,0.1,6.282351394855249,0.13477845249897197,0.19397073501654788,0.0,443.4238445706842,0.1,-0.5,254.00000000000006,255.00000000000006
30.700000000000166,0.1,6.338082806798929,0.13394810979205987,0.19911701505853802,0.0,444.83342847224276,0.1,-0.5,254.00000000000006,254.00000000000006
30.800000000000168,0.1,6.399228563585362,0.13274969153507551,0.2042001108314112,0.0,446.2445042649779,0.1,-0.5,254.00000000000006,238.00000000000006
30.90000000000017,0.1,6.463776450361471,0.13119140877585292,0.2091914667950494,0.0,447.65658260151986,0.1,-0.5,254.00000000000006,124.00000000000003
31.00000000000017,0.1,6.530462082127897,0.1292825159585817,0.21406408436151997,0.0,449.06931483598737,0.1,-0.5,254.00000000000006,4.000000000000001
31.100000000000172,0.1,6.598490976393382,0.12703351599033155,0.21879238314941413,0.0,450.4824659904557,0.1,-0.5,254.00000000000006,1.0000000000000002
31.200000000000173,0.1,6.66736391619684,0.12445625875764159,0.22335206391674545,0.0,451.8958824146998,0.1,-0.5,254.00000000000006,1.0000000000000002
31.300000000000175,0.1,6.736767216117206,0.121563982799884,0.2277200287009425,0.0,453.30946541648655,0.1,-0.5,254.00000000000006,1.0000000000000002
31.400000000000176,0.1,6.806503770385893,0.11837132020162582,0.23187435760241304,0.0,454.72315231474545,0.1,-0.5,255.00000000000006,1.0000000000000002
31.500000000000178,0.1,6.876449726630702,0.11489427431823826,0.23579432760993618,0.0,456.13690360432065,0.1,-0.5,255.00000000000006,5.000000000000001
31.60000000000018,0.1,6.946527261610236,0.11115017615803759,0.23946045857487008,0.0,457.5506945307118,0.1,-0.5,253.00000000000006,155.00000000000003
31.70000000000018,0.1,7.016687474712901,0.10715762361193035,0.24285457468889288,0.0,458.96450965943313,0.1,-0.5,115.00000000000003,254.00000000000006
31.800000000000182,0.1,7.086899639002993,0.10293640678248892,0.24595987322917828,0.0,460.37833941421354,0.5,-0.1,2.0000000000000004,254.00000000000006
31.900000000000183,0.1,7.079619920741255,0.0992666388154092,0.24959683298573287,0.0,461.78072278956097,0.5,-0.1,0.0,254.00000000000006
32.000000000000185,0.1,7.047644996183129,0.09590668095710604,0.25354078714199196,0.0,463.1853043766821,0.5,-0.1,22.000000000000004,254.00000000000006
32.100000000000186,0.1,7.001426810680518,0.09283762836883822,0.25773603903291875,0.0,464.59256624580485,0.5,-0.1,254.00000000000006,1.0000000000000002
32.20000000000019,0.1,6.94625873602918,0.09007321572944857,0.2621543052537473,0.0,466.00198669712563,0.1,-0.5,254.00000000000006,1.0000000000000002
32.30000000000019,0.1,6.962991481106695,0.08672323631984687,0.2660914255922604,0.0,467.4052797863644,0.1,-0.5,254.00000000000006,234.00000000000006
32.40000000000019,0.1,7.00090626033804,0.08304488588485953,0.2697492949365406,0.0,468.81089240873007,0.1,-0.5,254.00000000000006,255.00000000000006
32.50000000000019,0.1,7.050856782185,0.07909610461407535,0.27313811891048495,0.0,470.2190314700588,0.1,-0.5,254.00000000000006,254.00000000000006
32.60000000000019,0.1,7.108370088529612,0.07490343796406397,0.2762409143431706,0.0,471.6290945910016,0.1,-0.5,254.00000000000006,254.00000000000006
32.700000000000195,0.1,7.170635507356112,0.07049279843673269,0.2790413324649817,0.0,473.04049698894255,0.1,-0.5,254.00000000000006,254.00000000000006
32.800000000000196,0.1,7.23588693924937,0.06588959928361632,0.28152467195571473,0.0,474.45279026051094,0.1,-0.5,255.00000000000006,254.00000000000006
32.9000000000002,0.1,7.303014647032577,0.06111902426129118,0.2836781084036275,0.0,475.8656611026306,0.1,-0.5,254.00000000000006,254.00000000000006
33.0000000000002,0.1,7.3713213219255636,0.05620625231553911,0.28549069880003125,0.0,477.2789005279949,0.1,-0.5,255.00000000000006,254.00000000000006
33.1000000000002,0.1,7.440368806543391,0.051176599581990986,0.2869533462206535,0.0,478.69237270029953,0.1,-0.5,254.00000000000006,254.00000000000006
33.2000000000002,0.1,7.509881782548871,0.04605558425487932,0.28805877450392403,0.0,480.10599069733576,0.1,-0.5,254.00000000000006,254.00000000000006
33.3000000000002,0.1,7.579687252318855,0.04086893075547683,0.28880151873709886,0.0,481.51969945436053,0.1,-0.5,254.00000000000006,255.00000000000006
33.400000000000205,0.1,7.649676511952699,0.03564252971057201,0.2891779258807846,0.0,482.93346433338456,0.1,-0.5,254.00000000000006,254.00000000000006
33.500000000000206,0.1,7.719781256825459,0.03040236722416355,0.2891861588226075,0.0,484.34726366580435,0.1,-0.5,254.00000000000006,255.00000000000006
33.60000000000021,0.1,7.789958567394875,0.02517443355652821,0.2888261987598667,0.0,485.76108396340624,0.1,-0.5,254.00000000000006,254.00000000000006
33.70000000000021,0.1,7.860181474959442,0.019984618493326986,0.2880998425975027,0.0,487.17491687278925,0.1,-0.5,255.00000000000006,254.00000000000006
33.80000000000021,0.1,7.93043303360621,0.01485859855598487,0.2870106934033861,0.0,488.58875725077746,0.1,-0.5,254.00000000000006,254.00000000000006
33.90000000000021,0.1,8.00070259529011,0.009821719689532882,0.28556414286384196,0.0,490.00260195357737,0.1,-0.5,255.00000000000006,254.00000000000006
34.00000000000021,0.1,8.070983469261831,0.00489887802270253,0.2837673452440892,0.0,491.4164490775886,0.1,-0.5,254.00000000000006,255.00000000000006
34.100000000000215,0.1,8.141271451357914,1.1440059344608455E-4,0.2816291826979204,0.0,492.8302974848052,0.1,-0.5,255.00000000000006,254.00000000000006
34.200000000000216,0.1,8.21156389987299,-0.0045080725345847394,0.27916022197497503,0.0,494.24414650700874,0.1,-0.5,254.00000000000006,254.00000000000006
34.30000000000022,0.1,8.281859154879669,-0.008945703650038633,0.2763726626989663,0.0,495.65799576201084,0.1,-0.5,254.00000000000006,254.00000000000006
34.40000000000022,0.1,8.352156173355343,-0.013176569359952844,0.27328027747077016,0.0,497.0718450399429,0.1,-0.5,254.00000000000006,254.00000000000006
34.50000000000022,0.1,8.422454299912356,-0.017179768379505855,0.26989834410654845,0.0,498.4856942332574,0.1,-0.5,254.00000000000006,255.00000000000006
34.60000000000022,0.1,8.492753122735284,-0.020935524481021678,0.2662435703643291,0.0,499.89954329390366,0.1,-0.5,255.00000000000006,254.00000000000006
34.70000000000022,0.1,8.563052383058332,-0.024425284011797943,0.2623340115487724,0.0,501.31339220736936,0.1,-0.5,254.00000000000006,254.00000000000006
34.800000000000225,0.1,8.633351918285145,-0.027631807448546986,0.2581889814162487,0.0,502.72724097712126,0.1,-0.5,254.00000000000006,254.00000000000006
34.900000000000226,0.1,8.703651626247831,-0.030539254505274283,0.25382895683226325,0.0,504.1410896154441,0.1,-0.5,254.00000000000006,255.00000000000006
35.00000000000023,0.1,8.77395144274892,-0.033133262355385384,0.24927547666121552,0.0,505.5549381381677,0.1,-0.5,255.00000000000006,251.00000000000006
35.10000000000023,0.1,8.844251327449824,-0.035401016570305005,0.2445510353945814,0.0,506.9687865617516,0.1,-0.5,254.00000000000006,72.00000000000001
35.20000000000023,0.1,8.914551255003754,-0.0373313144174392,0.23967897204773486,0.0,508.3826349017645,0.1,-0.5,254.00000000000006,1.0000000000000002
35.30000000000023,0.1,8.984851209484066,-0.038914620200835165,0.23468335487760444,0.0,509.79648317218744,0.1,-0.5,254.00000000000006,1.0000000000000002
35.40000000000023,0.1,9.055151180883273,-0.04014311236887369,0.22958886249299287,0.0,511.21033138517237,0.1,-0.5,254.00000000000006,0.0
35.500000000000234,0.1,9.125451162913224,-0.04101072215499829,0.2244206619464873,0.0,512.6241795510593,0.1,-0.5,254.00000000000006,0.0
35.600000000000236,0.1,9.195751151622773,-0.041513163559894845,0.21920428441128015,0.0,514.0380276785174,0.1,-0.5,255.00000000000006,183.00000000000003
35.70000000000024,0.1,9.266051144529246,-0.041647954526655984,0.21396549905781476,0.0,515.451875774736,0.1,-0.5,104.00000000000003,254.00000000000006
35.80000000000024,0.1,9.336351140072718,-0.04141442920415586,0.20873018575380026,0.0,516.8657238456317,0.5,-0.1,1.0000000000000002,254.00000000000006
35.90000000000024,0.1,9.329126610679277,-0.04194097033108152,0.20359044178598357,0.0,518.2680946931671,0.5,-0.1,1.0000000000000002,254.00000000000006
36.00000000000024,0.1,9.297186364263524,-0.0429009981492349,0.19849909801233245,0.0,519.6726639720089,0.5,-0.1,0.0,254.00000000000006
36.10000000000024,0.1,9.25098996892681,-0.04423928342403158,0.19347638491872932,0.0,521.0799154757972,0.5,-0.1,0.0,255.00000000000006
36.200000000000244,0.1,9.195835586236944,-0.04594242975018201,0.18855074728109783,0.0,522.4893278880954,0.5,-0.1,46.00000000000001,254.00000000000006
36.300000000000246,0.1,9.135052408645599,-0.0479976047805733,0.18375047825962637,0.0,523.9002835432138,0.5,-0.1,255.00000000000006,156.00000000000003
36.40000000000025,0.1,9.070732350335444,-0.050391693955959715,0.17910236245153355,0.0,525.3122802318585,0.5,-0.1,254.00000000000006,1.0000000000000002
36.50000000000025,0.1,9.004189875753916,-0.05311085886184219,0.17463146393670814,0.0,526.7249577110776,0.1,-0.5,255.00000000000006,1.0000000000000002
36.60000000000025,0.1,9.013775460849198,-0.055122601896923445,0.16987199420922872,0.0,528.1275408162226,0.1,-0.5,254.00000000000006,254.00000000000006
36.70000000000025,0.1,9.047199287777511,-0.05673266930450449,0.1649457963885444,0.0,529.532371661528,0.1,-0.5,254.00000000000006,254.00000000000006
36.80000000000025,0.1,9.094327898045817,-0.05797883058580405,0.15989798111240533,0.0,530.9398518478488,0.1,-0.5,255.00000000000006,171.00000000000003
36.900000000000254,0.1,9.150068042531805,-0.0588588022951064,0.15475995294063577,0.0,532.3494349782845,0.1,-0.5,254.00000000000006,1.0000000000000002
37.000000000000256,0.1,9.211219286445479,-0.05937006437177786,0.14956258093495267,0.0,533.760509881937,0.1,-0.5,254.00000000000006,0.0
37.10000000000026,0.1,9.275770621075651,-0.0595111423746566,0.14433553988569603,0.0,535.1725872789873,0.1,-0.5,204.00000000000006,180.00000000000003
37.20000000000026,0.1,9.342458419309418,-0.05928205350086649,0.13910736943029944,0.0,536.585318595264,0.1,-0.5,1.0000000000000002,254.00000000000006
37.30000000000026,0.1,9.410488674877689,-0.05868445547519113,0.1339056717519766,0.0,537.9984689008511,0.5,-0.1,82.00000000000001,254.00000000000006
37.40000000000026,0.1,9.40183794438514,-0.05885076220131291,0.12874134736407583,0.0,539.4009786441943,0.5,-0.1,254.00000000000006,254.00000000000006
37.50000000000026,0.1,9.369001537842726,-0.059452136167276376,0.1235943050511638,0.0,540.8057157562828,0.5,-0.1,255.00000000000006,254.00000000000006
37.600000000000264,0.1,9.322242036011318,-0.06043519279707418,0.11848925857719898,0.0,542.2131137872113,0.5,-0.1,255.00000000000006,254.00000000000006
37.700000000000266,0.1,9.266733822602877,-0.06178873560075862,0.11345561886586637,0.0,543.6226362543182,0.5,-0.1,255.00000000000006,254.00000000000006
37.80000000000027,0.1,9.20572831371082,-0.06350205178247387,0.10852248597996865,0.0,545.0336695840683,0.5,-0.1,255.00000000000006,254.00000000000006
37.90000000000027,0.1,9.1412685523918,-0.06556400387214376,0.10371745186925234,0.0,546.4457195847672,0.5,-0.1,254.00000000000006,254.00000000000006
38.00000000000027,0.1,9.074638294694246,-0.06796258989031542,0.09906644885252631,0.0,547.858433256984,0.5,-0.1,254.00000000000006,254.00000000000006
38.10000000000027,0.1,9.006644195001726,-0.07068472011019711,0.0945938632712741,0.0,549.2715723651038,0.5,-0.1,254.00000000000006,254.00000000000006
38.20000000000027,0.1,8.93779311854323,-0.07371610212602756,0.09032266265665777,0.0,550.68498100171,0.5,-0.1,254.00000000000006,254.00000000000006
38.300000000000274,0.1,8.86840355656645,-0.07704118938302607,0.0862744726335009,0.0,552.098558970004,0.5,-0.1,255.00000000000006,254.00000000000006
38.400000000000276,0.1,8.798675634604834,-0.08064317269535848,0.08246960103222013,0.0,553.5122426068469,0.5,-0.1,254.00000000000006,254.00000000000006
38.50000000000028,0.1,8.728735102514765,-0.08450400347824885,0.07892702254761784,0.0,554.9259917734207,0.5,-0.1,254.00000000000006,254.00000000000006
38.60000000000028,0.1,8.65866097583126,-0.08860444125645817,0.07566433821310893,0.0,556.3397813088325,0.5,-0.1,254.00000000000006,254.00000000000006
38.70000000000028,0.1,8.588502904349545,-0.09292412000934636,0.07269772094519421,0.0,557.7535955186347,0.5,-0.1,24.000000000000007,254.00000000000006
38.80000000000028,0.1,8.517589784744168,-0.09748772843868553,0.07001691151174104,0.0,559.1815630044684,0.5,-0.1,0.0,255.00000000000006
38.90000000000028,0.1,8.44734556248695,-0.10218234445169525,0.06768823161783814,0.0,560.5954011298757,0.5,-0.1,3.000000000000001,254.00000000000006
39.000000000000284,0.1,8.377080610658458,-0.1070289797319437,0.06569507164610834,0.0,562.0092444523361,0.5,-0.1,254.00000000000006,91.00000000000001
39.100000000000286,0.1,8.3068026333112,-0.11200367332220024,0.06404728046250048,0.0,563.4230907373358,0.1,-0.5,254.00000000000006,1.0000000000000002
39.20000000000029,0.1,8.314040997775274,-0.11661821361078245,0.06172339407135925,0.0,564.8254669791497,0.1,-0.5,254.00000000000006,169.00000000000003
39.30000000000029,0.1,8.345989937499526,-0.1210330345807174,0.05901174578124206,0.0,566.2300411532879,0.1,-0.5,254.00000000000006,254.00000000000006
39.40000000000029,0.1,8.39219179531235,-0.12524891259416882,0.055971148061685,0.0,567.6372967085608,0.1,-0.5,255.00000000000006,254.00000000000006
39.50000000000029,0.1,8.447349610378147,-0.1292440446023279,0.05262425450353826,0.0,569.0467123026544,0.1,-0.5,254.00000000000006,255.00000000000006
39.60000000000029,0.1,8.508134944725525,-0.13299656946003846,0.04899313783138677,0.0,570.4576704095834,0.1,-0.5,254.00000000000006,254.00000000000006
39.700000000000294,0.1,8.57245635825053,-0.13648613639107726,0.04509959703201959,0.0,571.8696689791709,0.1,-0.5,254.00000000000006,228.00000000000006
39.800000000000296,0.1,8.638999684394253,-0.1396942601155906,0.04096549440923153,0.0,573.2823479044425,0.1,-0.5,255.00000000000006,136.00000000000003
39.9000000000003,0.1,8.706939160183897,-0.14260432019144959,0.036613010772285154,0.0,574.6954635890127,0.1,-0.5,254.00000000000006,35.00000000000001
