{"fmus":{"{bodyFMU}":"file:////home/mot/Work/Aarhus%20University/Overture/case-study_line_follower_robot/FMUs/Body_Block.fmu","{sensor1FMU}":"file:////home/mot/Work/Aarhus%20University/Overture/case-study_line_follower_robot/FMUs/Sensor_Block.fmu","{controllerFMU}":"file:////home/mot/Work/Aarhus%20University/Overture/case-study_line_follower_robot/FMUs/LFRController"},"connections":{"{controllerFMU}.controller.servoLeftVal":["{bodyFMU}.body.servo_left_input"],"{controllerFMU}.controller.servoRightVal":["{bodyFMU}.body.servo_right_input"],"{bodyFMU}.body.total_energy_used":["{controllerFMU}.controller.total_energy_used"],"{bodyFMU}.body.robot_theta":["{sensor1FMU}.sensor1.robot_theta","{sensor1FMU}.sensor2.robot_theta"],"{bodyFMU}.body.robot_z":["{sensor1FMU}.sensor1.robot_z","{sensor1FMU}.sensor2.robot_z"],"{bodyFMU}.body.robot_y":["{sensor1FMU}.sensor1.robot_y","{sensor1FMU}.sensor2.robot_y"],"{bodyFMU}.body.robot_x":["{sensor1FMU}.sensor1.robot_x","{sensor1FMU}.sensor2.robot_x"],"{sensor1FMU}.sensor1.lf_1_sensor_reading":["{controllerFMU}.controller.lfLeftVal"],"{sensor1FMU}.sensor2.lf_1_sensor_reading":["{controllerFMU}.controller.lfRightVal"]},"parameters":{"{controllerFMU}.controller.backwardRotate":0.1,"{controllerFMU}.controller.forwardRotate":0.5,"{controllerFMU}.controller.forwardSpeed":0.4,"{sensor1FMU}.sensor1.lf_position_y":0.065,"{sensor1FMU}.sensor1.lf_position_x":0.01,"{sensor1FMU}.sensor2.lf_position_y":0.065,"{sensor1FMU}.sensor2.lf_position_x":-0.01},"livestream":{"{bodyFMU}.body":["robot_x","robot_y"]},"algorithm":{"type":"var-step","initsize":0.1,"size":[0.01,0.2],"constraints":{}}}