{"fmus":{"{controllerFMU}":"file:////home/mot/Work/Aarhus%20University/Overture/case-study_line_follower_robot/FMUs/LFRController.fmu","{sensor1FMU}":"file:////home/mot/Work/Aarhus%20University/Overture/case-study_line_follower_robot/FMUs/Sensor_Block_01.fmu","{sensor2FMU}":"file:////home/mot/Work/Aarhus%20University/Overture/case-study_line_follower_robot/FMUs/Sensor_Block_02.fmu","{bodyFMU}":"file:////home/mot/Work/Aarhus%20University/Overture/case-study_line_follower_robot/FMUs/Body_Block.fmu"},"connections":{"{bodyFMU}.body.robot_x":["{sensor1FMU}.sensor1.robot_x","{sensor2FMU}.sensor2.robot_x"],"{bodyFMU}.body.robot_y":["{sensor1FMU}.sensor1.robot_y","{sensor2FMU}.sensor2.robot_y"],"{bodyFMU}.body.robot_z":["{sensor1FMU}.sensor1.robot_z","{sensor2FMU}.sensor2.robot_z"],"{bodyFMU}.body.robot_theta":["{sensor1FMU}.sensor1.robot_theta","{sensor2FMU}.sensor2.robot_theta"],"{bodyFMU}.body.total_energy_used":["{controllerFMU}.controller.total_energy_used"],"{sensor1FMU}.sensor1.lf_1_sensor_reading":["{controllerFMU}.controller.lfLeftVal"],"{sensor2FMU}.sensor2.lf_1_sensor_reading":["{controllerFMU}.controller.lfRightVal"],"{controllerFMU}.controller.servoRightVal":["{bodyFMU}.body.servo_right_input"],"{controllerFMU}.controller.servoLeftVal":["{bodyFMU}.body.servo_left_input"]},"parameters":{"{sensor1FMU}.sensor1.lf_position_x":0.01,"{sensor1FMU}.sensor1.lf_position_y":0.065,"{sensor2FMU}.sensor2.lf_position_x":-0.01,"{sensor2FMU}.sensor2.lf_position_y":0.065,"{controllerFMU}.controller.forwardSpeed":0.4,"{controllerFMU}.controller.forwardRotate":0.5,"{controllerFMU}.controller.backwardRotate":0.1},"livestream":{"{bodyFMU}.body":["pos_x","pos_y","body.position.position[0]","body.position.position[1]","robot_x","robot_y","robot_z"]},"algorithm":{"type":"var-step","initsize":0.1,"size":[0.05,0.2],"constraints":{}}}