{"fmus":{"{controllerFMU}":"file:///C:/Users/ken/Documents/Repositories/intocps-pilots/case-study_line_follower_robot/FMUs/LFRController.fmu","{sensor1FMU}":"file:///C:/Users/ken/Documents/Repositories/intocps-pilots/case-study_line_follower_robot/FMUs/Sensor_Block_01.fmu","{sensor2FMU}":"file:///C:/Users/ken/Documents/Repositories/intocps-pilots/case-study_line_follower_robot/FMUs/Sensor_Block_02.fmu","{bodyFMU}":"file:///C:/Users/ken/Documents/Repositories/intocps-pilots/case-study_line_follower_robot/FMUs/Body_Block.fmu","{3DFMU}":"file:///C:/Users/ken/Documents/Repositories/intocps-pilots/case-study_line_follower_robot/FMUs/3DanimationFMU.fmu"},"connections":{"{bodyFMU}.body.robot_x":["{sensor1FMU}.sensor1.robot_x","{sensor2FMU}.sensor2.robot_x","{3DFMU}.3D.animation.robot.position.x"],"{bodyFMU}.body.robot_y":["{sensor1FMU}.sensor1.robot_y","{sensor2FMU}.sensor2.robot_y","{3DFMU}.3D.animation.robot.position.y"],"{bodyFMU}.body.robot_z":["{sensor1FMU}.sensor1.robot_z","{sensor2FMU}.sensor2.robot_z"],"{bodyFMU}.body.robot_theta":["{sensor1FMU}.sensor1.robot_theta","{sensor2FMU}.sensor2.robot_theta","{3DFMU}.3D.animation.robot.angle.z"],"{bodyFMU}.body.total_energy_used":["{controllerFMU}.controller.total_energy_used"],"{sensor1FMU}.sensor1.lf_1_sensor_reading":["{controllerFMU}.controller.lfLeftVal","{3DFMU}.3D.animation.sensor.lf.left.reading"],"{sensor2FMU}.sensor2.lf_1_sensor_reading":["{controllerFMU}.controller.lfRightVal","{3DFMU}.3D.animation.sensor.lf.right.reading"],"{controllerFMU}.controller.servoRightVal":["{bodyFMU}.body.servo_right_input"],"{controllerFMU}.controller.servoLeftVal":["{bodyFMU}.body.servo_left_input"]},"parameters":{"{sensor1FMU}.sensor1.lf_position_x":0.01,"{sensor1FMU}.sensor1.lf_position_y":0.065,"{sensor2FMU}.sensor2.lf_position_x":-0.01,"{sensor2FMU}.sensor2.lf_position_y":0.065,"{controllerFMU}.controller.forwardSpeed":0.4,"{controllerFMU}.controller.forwardRotate":0.5,"{controllerFMU}.controller.backwardRotate":0.1},"livestream":{"{sensor2FMU}.sensor2":["lf_1_sensor_reading"],"{sensor1FMU}.sensor1":["lf_1_sensor_reading"]},"algorithm":{"type":"fixed-step","size":0.01},"multimodel_crc":null}